protein,train_miss
1-Oct,0.05152027027027027
AAC1,0.37618243243243243
AAC3,0.2903716216216216
AAD10,0.5331081081081082
AAD14,0.46790540540540543
AAD16,0.009797297297297298
AAD6,0.5069256756756757
AAH1,0.05253378378378378
AAP1,0.004391891891891892
AAR2,0.6682432432432432
AAT1,0.03513513513513514
AAT2,0.0
ABD1,0.019425675675675675
ABF1,0.019763513513513513
ABF2,0.00016891891891891893
ABP1,0.00033783783783783786
ABP140,0.0035472972972972975
ABZ1,0.02956081081081081
ABZ2,0.05945945945945946
ACB1,0.00016891891891891893
ACC1,0.0
ACE2,0.6030405405405406
ACF2,0.034797297297297296
ACF4,0.4177364864864865
ACH1,0.0
ACK1,0.055236486486486484
ACL4,0.017736486486486486
ACM1,0.6876689189189189
ACO1,0.0
ACO2,0.0005067567567567568
ACP1,0.10929054054054053
ACS1,0.041385135135135136
ACS2,0.00016891891891891893
ACT1,0.0
ADA2,0.03935810810810811
ADD37,0.17331081081081082
ADD66,0.010641891891891892
ADE1,0.00016891891891891893
ADE12,0.00016891891891891893
ADE13,0.00016891891891891893
ADE16,0.0
ADE17,0.0
ADE2,0.00016891891891891893
ADE3,0.0
ADE4,0.0006756756756756757
ADE57,0.0
ADE6,0.00033783783783783786
ADE8,0.019932432432432434
ADF1,0.5564189189189189
ADH1,0.0
ADH2,0.0491554054054054
ADH3,0.00033783783783783786
ADH4,0.0
ADH5,0.030405405405405407
ADH6,0.0005067567567567568
ADH7,0.5451013513513514
ADI1,0.08108108108108109
ADK1,0.0
ADK2,0.22483108108108107
ADO1,0.0
ADP1,0.029391891891891894
ADR1,0.0375
ADY2,0.5111486486486486
ADY3,0.6756756756756757
AEP1,0.5396959459459459
AEP2,0.15962837837837837
AEP3,0.23513513513513515
AFG1,0.12483108108108108
AFG2,0.026182432432432432
AFG3,0.00945945945945946
AFT1,0.2974662162162162
AGC1,0.08108108108108109
AGE1,0.5685810810810811
AGE2,0.06807432432432432
AGP1,0.019594594594594596
AGP2,0.7780405405405405
AGX1,0.009966216216216217
AHA1,0.00033783783783783786
AHP1,0.0
AI1,0.5804054054054054
AI2,0.7013513513513514
AI4,0.7288851351351351
AI5_ALPHA,0.7520270270270271
AIF1,0.5055743243243244
AIM10,0.20506756756756755
AIM11,0.5486486486486486
AIM14,0.05506756756756757
AIM17,0.0
AIM18,0.0464527027027027
AIM19,0.1116554054054054
AIM2,0.0005067567567567568
AIM21,0.010641891891891892
AIM22,0.14847972972972973
AIM23,0.21114864864864866
AIM24,0.006925675675675676
AIM25,0.12618243243243243
AIM29,0.015540540540540541
AIM3,0.0597972972972973
AIM32,0.38885135135135135
AIM36,0.02787162162162162
AIM39,0.1462837837837838
AIM41,0.03125
AIM45,0.018074324324324324
AIM46,0.017398648648648648
AIM6,0.04628378378378378
AIM7,0.004222972972972973
AIM9,0.0018581081081081082
AIP1,0.00016891891891891893
AIR1,0.47010135135135134
AIR2,0.0402027027027027
AKL1,0.021114864864864864
AKR1,0.0125
AKR2,0.708277027027027
ALA1,0.1525337837837838
ALB1,0.008783783783783784
ALD2,0.0032094594594594596
ALD3,0.0013513513513513514
ALD4,0.0
ALD5,0.004054054054054054
ALD6,0.0
ALE1,0.036317567567567564
ALG1,0.00945945945945946
ALG11,0.02702702702702703
ALG12,0.014527027027027028
ALG13,0.28597972972972974
ALG14,0.6081081081081081
ALG2,0.03412162162162162
ALG3,0.5469594594594595
ALG5,0.029222972972972973
ALG6,0.15743243243243243
ALG8,0.2106418918918919
ALG9,0.009121621621621622
ALK1,0.672972972972973
ALK2,0.7726351351351352
ALO1,0.0013513513513513514
ALR1,0.21368243243243243
ALT1,0.002195945945945946
ALT2,0.3341216216216216
ALY1,0.0956081081081081
ALY2,0.1258445945945946
AMD1,0.0028716216216216218
AME1,0.17787162162162162
AMS1,0.00033783783783783786
ANB1,0.17787162162162162
ANP1,0.004054054054054054
ANR2,0.051351351351351354
ANT1,0.02314189189189189
ANY1,0.7320945945945946
AOS1,0.021621621621621623
APA1,0.0015202702702702704
APA2,0.36739864864864863
APC1,0.28547297297297297
APD1,0.008445945945945946
APE1,0.0
APE2,0.00016891891891891893
APE3,0.002364864864864865
APE4,0.0006756756756756757
APJ1,0.4868243243243243
APL1,0.0222972972972973
APL2,0.00793918918918919
APL3,0.021621621621621623
APL4,0.005574324324324325
APL5,0.015371621621621622
APL6,0.01418918918918919
APM1,0.016385135135135134
APM2,0.15608108108108107
APM3,0.02837837837837838
APM4,0.017905405405405406
APN1,0.006418918918918919
APN2,0.5192567567567568
APP1,0.7609797297297297
APQ12,0.5400337837837837
APS1,0.03327702702702703
APS2,0.020945945945945947
APS3,0.023817567567567567
APT1,0.0010135135135135136
APT2,0.13547297297297298
AQR1,0.4484797297297297
AQY3,0.6733108108108108
ARA1,0.0
ARA2,0.20219594594594595
ARB1,0.00016891891891891893
ARC1,0.0015202702702702704
ARC15,0.0005067567567567568
ARC18,0.004560810810810811
ARC19,0.0011824324324324325
ARC35,0.0013513513513513514
ARC40,0.0005067567567567568
ARD1,0.0018581081081081082
ARE1,0.24239864864864866
ARE2,0.0037162162162162164
ARF1,0.0
ARF2,0.00033783783783783786
ARF3,0.013175675675675676
ARG1,0.0
ARG2,0.2391891891891892
ARG3,0.002533783783783784
ARG4,0.00016891891891891893
"ARG5,6",0.0005067567567567568
ARG7,0.0013513513513513514
ARG8,0.0006756756756756757
ARG81,0.4035472972972973
ARG82,0.08429054054054054
ARH1,0.013175675675675676
ARI1,0.0016891891891891893
ARK1,0.11875
ARL1,0.00016891891891891893
ARL3,0.06199324324324324
ARO1,0.00033783783783783786
ARO10,0.04273648648648649
ARO2,0.002027027027027027
ARO3,0.0013513513513513514
ARO4,0.0
ARO7,0.004391891891891892
ARO8,0.00016891891891891893
ARO80,0.4114864864864865
ARO9,0.010304054054054055
ARP1,0.7474662162162162
ARP2,0.00033783783783783786
ARP3,0.00016891891891891893
ARP4,0.013344594594594595
ARP5,0.019932432432432434
ARP6,0.2684121621621622
ARP7,0.021621621621621623
ARP8,0.016554054054054055
ARP9,0.016891891891891893
ART10,0.5849662162162163
ART5,0.43665540540540543
ARX1,0.0011824324324324325
ASC1,0.0
ASF1,0.010641891891891892
ASG1,0.025
ASH1,0.44594594594594594
ASK1,0.17043918918918918
ASK10,0.027702702702702704
ASM4,0.05388513513513513
ASN1,0.00016891891891891893
ASN2,0.00016891891891891893
ASP1,0.0016891891891891893
AST1,0.01891891891891892
AST2,0.041891891891891894
ATC1,0.6783783783783783
ATE1,0.08277027027027027
ATF1,0.5342905405405406
ATF2,0.46841216216216214
ATG1,0.06993243243243243
ATG11,0.24864864864864866
ATG13,0.2125
ATG16,0.5766891891891892
ATG17,0.28057432432432433
ATG18,0.017398648648648648
ATG19,0.38885135135135135
ATG2,0.17297297297297298
ATG20,0.06283783783783783
ATG21,0.029222972972972973
ATG22,0.4650337837837838
ATG23,0.15912162162162163
ATG26,0.06638513513513514
ATG27,0.030912162162162162
ATG29,0.2535472972972973
ATG3,0.021452702702702702
ATG31,0.5025337837837838
ATG32,0.7672297297297297
ATG33,0.6576013513513513
ATG34,0.37212837837837837
ATG36,0.6912162162162162
ATG4,0.07162162162162163
ATG40,0.49138513513513515
ATG42,0.02043918918918919
ATG44,0.005574324324324325
ATG45,0.6793918918918919
ATG5,0.7697635135135135
ATG7,0.0375
ATG8,0.16469594594594594
ATG9,0.4285472972972973
ATH1,0.4099662162162162
ATM1,0.012162162162162163
ATO3,0.2268581081081081
ATP1,0.0
ATP10,0.020777027027027026
ATP11,0.006587837837837838
ATP12,0.017905405405405406
ATP14,0.0125
ATP15,0.0
ATP16,0.011824324324324325
ATP17,0.0006756756756756757
ATP18,0.00016891891891891893
ATP19,0.010641891891891892
ATP2,0.0
ATP20,0.00016891891891891893
ATP22,0.28074324324324323
ATP23,0.20118243243243245
ATP25,0.25219594594594597
ATP3,0.00016891891891891893
ATP4,0.00016891891891891893
ATP5,0.0
ATP6,0.5106418918918919
ATP7,0.00016891891891891893
ATS1,0.36317567567567566
ATX1,0.4648648648648649
AUR1,0.252027027027027
AVL9,0.025844594594594594
AVO1,0.3140202702702703
AVT1,0.11554054054054054
AVT3,0.04594594594594595
AVT4,0.4097972972972973
AVT7,0.6150337837837838
AYR1,0.0006756756756756757
AZF1,0.2964527027027027
BAP2,0.1472972972972973
BAP3,0.13733108108108108
BAS1,0.42027027027027025
BAT1,0.00033783783783783786
BAT2,0.07483108108108108
BBC1,0.0010135135135135136
BCD1,0.2125
BCH1,0.0028716216216216218
BCH2,0.03800675675675676
BCK1,0.7793918918918918
BCK2,0.5282094594594594
BCP1,0.029222972972972973
BCS1,0.030912162162162162
BCY1,0.0
BDF1,0.013344594594594595
BDF2,0.5826013513513514
BDH1,0.009290540540540541
BDH2,0.25067567567567567
BDP1,0.08716216216216216
BEM1,0.04408783783783784
BEM2,0.02347972972972973
BEM3,0.10219594594594594
BEM4,0.034797297297297296
BER1,0.30202702702702705
BET1,0.3376689189189189
BET2,0.01722972972972973
BET3,0.01891891891891892
BET4,0.022466216216216216
BFR1,0.0
BFR2,0.006418918918918919
BGL2,0.0
BI2,0.6070945945945946
BI4,0.3160472972972973
BIG1,0.5927364864864865
BIK1,0.08699324324324324
BIM1,0.05152027027027027
BIO2,0.007601351351351352
BIO3,0.013513513513513514
BIO4,0.008614864864864865
BIT2,0.6810810810810811
BIT61,0.47736486486486485
BLI1,0.7028716216216216
BLM10,0.03277027027027027
BMH1,0.0
BMH2,0.00016891891891891893
BMS1,0.007770270270270271
BMT2,0.6013513513513513
BMT5,0.2684121621621622
BMT6,0.23361486486486485
BNA1,0.0038851351351351354
BNA2,0.1883445945945946
BNA3,0.00016891891891891893
BNA4,0.010135135135135136
BNA5,0.01570945945945946
BNA6,0.0038851351351351354
BNA7,0.02314189189189189
BNI1,0.024662162162162164
BNI4,0.1070945945945946
BNI5,0.03834459459459459
BOI1,0.04222972972972973
BOI2,0.019087837837837837
BOL1,0.40050675675675673
BOL2,0.6594594594594595
BOL3,0.2994932432432432
BOP2,0.6027027027027027
BOS1,0.016385135135135134
BPH1,0.37820945945945944
BPL1,0.013513513513513514
BPT1,0.025844594594594594
BRE1,0.018581081081081082
BRE2,0.04780405405405405
BRE4,0.41993243243243245
BRE5,0.017398648648648648
BRF1,0.13091216216216217
BRL1,0.7527027027027027
BRN1,0.15219594594594596
BRO1,0.008952702702702703
BRR2,0.01841216216216216
BRR6,0.6096283783783784
BRX1,0.004391891891891892
BSC1,0.7971283783783784
BSC6,0.5069256756756757
BSP1,0.25574324324324327
BST1,0.7513513513513513
BTS1,0.060810810810810814
BUB2,0.6633445945945946
BUB3,0.12077702702702703
BUD13,0.37364864864864866
BUD14,0.21807432432432433
BUD16,0.49898648648648647
BUD17,0.06655405405405405
BUD2,0.046114864864864866
BUD20,0.02483108108108108
BUD21,0.02364864864864865
BUD22,0.11081081081081082
BUD23,0.16689189189189188
BUD27,0.05405405405405406
BUD3,0.10827702702702703
BUD31,0.47702702702702704
BUD32,0.005574324324324325
BUD4,0.2925675675675676
BUD5,0.7758445945945946
BUD6,0.02837837837837838
BUD7,0.03783783783783784
BUG1,0.04679054054054054
BUL1,0.03141891891891892
BUL2,0.03581081081081081
BUR2,0.06503378378378379
BUR6,0.06486486486486487
BXI1,0.5197635135135135
BYE1,0.13902027027027028
BZZ1,0.028547297297297297
CAB1,0.019087837837837837
CAB2,0.008783783783783784
CAB3,0.02702702702702703
CAB4,0.02314189189189189
CAB5,0.07533783783783783
CAC2,0.06672297297297297
CAF120,0.06469594594594595
CAF130,0.3238175675675676
CAF16,0.0028716216216216218
CAF20,0.02314189189189189
CAF4,0.1758445945945946
CAF40,0.022972972972972974
CAJ1,0.008783783783783784
CAK1,0.1285472972972973
CAM1,0.00033783783783783786
CAN1,0.2893581081081081
CAP1,0.00016891891891891893
CAP2,0.002364864864864865
CAR1,0.0010135135135135136
CAR2,0.0
CAT2,0.06165540540540541
CAT5,0.014864864864864866
CAT8,0.32837837837837835
CAX4,0.5204391891891892
CBC2,0.0013513513513513514
CBF1,0.021452702702702702
CBF2,0.052364864864864864
CBF5,0.00033783783783783786
CBK1,0.021452702702702702
CBP1,0.46570945945945946
CBP2,0.06418918918918919
CBP3,0.005574324324324325
CBP4,0.09780405405405405
CBP6,0.008614864864864865
CBR1,0.0006756756756756757
CBS1,0.5393581081081081
CBS2,0.34155405405405403
CBT1,0.6572635135135135
CCC1,0.009290540540540541
CCC2,0.22094594594594594
CCE1,0.4045608108108108
CCH1,0.5092905405405406
CCL1,0.021452702702702702
CCM1,0.03969594594594594
CCP1,0.01114864864864865
CCR4,0.004898648648648649
CCS1,0.0597972972972973
CCT2,0.00033783783783783786
CCT3,0.00016891891891891893
CCT4,0.00033783783783783786
CCT5,0.00016891891891891893
CCT6,0.0008445945945945946
CCT7,0.00016891891891891893
CCT8,0.00016891891891891893
CCW12,0.46925675675675677
CCW14,0.6339527027027027
CCZ1,0.3356418918918919
CDC1,0.03260135135135135
CDC10,0.0013513513513513514
CDC11,0.008445945945945946
CDC12,0.0013513513513513514
CDC123,0.29881756756756755
CDC13,0.46114864864864863
CDC14,0.0033783783783783786
CDC15,0.23969594594594595
CDC16,0.08547297297297297
CDC19,0.0
CDC20,0.5155405405405405
CDC21,0.019594594594594596
CDC23,0.40844594594594597
CDC24,0.020945945945945947
CDC25,0.06047297297297297
CDC28,0.00033783783783783786
CDC3,0.0006756756756756757
CDC31,0.022128378378378378
CDC33,0.00033783783783783786
CDC34,0.04695945945945946
CDC36,0.23378378378378378
CDC37,0.0013513513513513514
CDC39,0.007601351351351352
CDC4,0.4797297297297297
CDC40,0.10625
CDC42,0.02956081081081081
CDC43,0.6665540540540541
CDC45,0.1766891891891892
CDC48,0.0
CDC50,0.28969594594594594
CDC53,0.004222972972972973
CDC55,0.007432432432432433
CDC60,0.0
CDC7,0.45827702702702705
CDC73,0.01114864864864865
CDC8,0.15489864864864866
CDC9,0.015371621621621622
CDD1,0.4873310810810811
CDS1,0.0015202702702702704
CEF1,0.1597972972972973
CEG1,0.04408783783783784
CEM1,0.11858108108108108
CEP3,0.5675675675675675
CET1,0.017736486486486486
CEX1,0.006756756756756757
CFD1,0.06587837837837837
CFT1,0.024493243243243243
CFT2,0.06773648648648649
CGI121,0.017736486486486486
CGR1,0.6454391891891892
CHA4,0.7798986486486487
CHC1,0.0
CHD1,0.014695945945945947
CHK1,0.45878378378378376
CHL1,0.643581081081081
CHO1,0.0006756756756756757
CHO2,0.0010135135135135136
CHS1,0.2295608108108108
CHS2,0.30253378378378376
CHS3,0.09712837837837837
CHS5,0.005067567567567568
CHS6,0.1214527027027027
CHZ1,0.26402027027027025
CIA1,0.010472972972972974
CIC1,0.012331081081081082
CIN1,0.7819256756756757
CIN2,0.40591216216216214
CIN5,0.3008445945945946
CIN8,0.6331081081081081
CIR1,0.007770270270270271
CIR2,0.020777027027027026
CIS3,0.23074324324324325
CIT1,0.0
CIT2,0.0016891891891891893
CIT3,0.3212837837837838
CKA1,0.002195945945945946
CKA2,0.0037162162162162164
CKB1,0.05337837837837838
CKB2,0.19222972972972974
CKI1,0.007263513513513514
CKS1,0.008783783783783784
CLA4,0.0222972972972973
CLB2,0.6099662162162162
CLB5,0.7248310810810811
CLC1,0.0033783783783783786
CLD1,0.7285472972972973
CLF1,0.12905405405405404
CLN1,0.7537162162162162
CLP1,0.025844594594594594
CLU1,0.0
CMC1,0.005236486486486487
CMC2,0.17888513513513513
CMD1,0.00016891891891891893
CMK1,0.009966216216216217
CMK2,0.0033783783783783786
CMP2,0.005405405405405406
CMR1,0.31570945945945944
CMS1,0.008108108108108109
CNA1,0.008783783783783784
CNB1,0.007263513513513514
CNE1,0.23260135135135135
CNL1,0.5565878378378378
CNM67,0.06064189189189189
CNS1,0.012162162162162163
COA1,0.011655405405405406
COA3,0.2797297297297297
COA4,0.47635135135135137
COA6,0.05962837837837838
COF1,0.0
COG1,0.10591216216216216
COG2,0.07331081081081081
COG3,0.05912162162162162
COG4,0.033445945945945944
COG5,0.0891891891891892
COG6,0.029222972972972973
COG7,0.047128378378378376
COG8,0.0402027027027027
COP1,0.00033783783783783786
COQ1,0.0035472972972972975
COQ10,0.36317567567567566
COQ11,0.03260135135135135
COQ2,0.15152027027027026
COQ3,0.13564189189189188
COQ4,0.0660472972972973
COQ5,0.017736486486486486
COQ6,0.01722972972972973
COQ8,0.029222972972972973
COQ9,0.02516891891891892
COR1,0.0
COS2,0.6243243243243243
COS8,0.5853040540540541
COT1,0.2630067567567568
COX1,0.475
COX10,0.41486486486486485
COX11,0.22010135135135134
COX12,0.024324324324324326
COX13,0.0
COX14,0.15827702702702703
COX15,0.0016891891891891893
COX16,0.31841216216216217
COX17,0.6157094594594594
COX19,0.11706081081081081
COX2,0.0
COX20,0.007432432432432433
COX23,0.5121621621621621
COX26,0.03614864864864865
COX3,0.5503378378378379
COX4,0.00033783783783783786
COX5A,0.00016891891891891893
COX5B,0.27449324324324326
COX6,0.0006756756756756757
COX7,0.03513513513513514
COX8,0.11182432432432432
COX9,0.00033783783783783786
COY1,0.01756756756756757
CPA1,0.015540540540540541
CPA2,0.00033783783783783786
CPD1,0.05472972972972973
CPP1,0.07246621621621621
CPR1,0.0
CPR2,0.1831081081081081
CPR3,0.00016891891891891893
CPR4,0.12195945945945946
CPR5,0.0010135135135135136
CPR6,0.00033783783783783786
CPR7,0.020777027027027026
CPR8,0.15743243243243243
CPS1,0.005405405405405406
CPT1,0.6418918918918919
CRC1,0.1775337837837838
CRD1,0.53125
CRG1,0.010472972972972974
CRH1,0.0
CRM1,0.00033783783783783786
CRN1,0.0015202702702702704
CRP1,0.0008445945945945946
CRT10,0.533445945945946
CRZ1,0.2680743243243243
CSC1,0.08125
CSE1,0.004560810810810811
CSE2,0.09510135135135135
CSF1,0.7847972972972973
CSG2,0.25050675675675677
CSI1,0.716554054054054
CSL4,0.013006756756756757
CSM1,0.11114864864864865
CSM2,0.606081081081081
CSM3,0.5876689189189189
CSN12,0.08682432432432433
CSN9,0.5327702702702702
CSR1,0.0030405405405405407
CSR2,0.5206081081081081
CSS1,0.004222972972972973
CSS2,0.7472972972972973
CSS3,0.47871621621621624
CST26,0.07567567567567568
CST6,0.02179054054054054
CTA1,0.4798986486486487
CTF13,0.5935810810810811
CTF18,0.09746621621621622
CTF4,0.02043918918918919
CTF8,0.0945945945945946
CTI6,0.04594594594594595
CTK1,0.02027027027027027
CTK2,0.1945945945945946
CTK3,0.07347972972972973
CTM1,0.5008445945945946
CTO1,0.16452702702702704
CTP1,0.009966216216216217
CTR1,0.7505067567567567
CTR86,0.020945945945945947
CTR9,0.00793918918918919
CTS1,0.20253378378378378
CTS2,0.4231418918918919
CTT1,0.0016891891891891893
CUB1,0.0005067567567567568
CUE1,0.0016891891891891893
CUE3,0.14358108108108109
CUE4,0.027195945945945946
CUE5,0.0032094594594594596
CUL3,0.075
CUS1,0.13344594594594594
CUS2,0.5805743243243243
CUZ1,0.5956081081081082
CWC15,0.06942567567567567
CWC2,0.11097972972972973
CWC21,0.05016891891891892
CWC22,0.06841216216216216
CWC23,0.6030405405405406
CWC24,0.7084459459459459
CWC25,0.12652027027027027
CWC27,0.055574324324324326
CWH41,0.017905405405405406
CWH43,0.01756756756756757
CWP1,0.002533783783783784
CWP2,0.48631756756756755
CYB2,0.0011824324324324325
CYB5,0.0057432432432432436
CYC1,0.00016891891891891893
CYC2,0.24408783783783783
CYC3,0.03412162162162162
CYC7,0.20641891891891892
CYC8,0.009121621621621622
CYK3,0.1893581081081081
CYM1,0.006418918918918919
CYR1,0.021452702702702702
CYS3,0.0
CYS4,0.0
CYT1,0.010641891891891892
CYT2,0.18445945945945946
DAD1,0.40709459459459457
DAD2,0.6648648648648648
DAD3,0.019763513513513513
DAK1,0.00016891891891891893
DAK2,0.2721283783783784
DAL2,0.7993243243243243
DAL3,0.6099662162162162
DAL7,0.42364864864864865
DAL81,0.525
DAM1,0.44594594594594594
DAP1,0.09037162162162163
DAP2,0.037668918918918916
DAS1,0.2537162162162162
DAS2,0.22753378378378378
DBF2,0.019425675675675675
DBF20,0.06351351351351352
DBP1,0.030743243243243245
DBP10,0.002702702702702703
DBP2,0.00016891891891891893
DBP3,0.0006756756756756757
DBP5,0.0006756756756756757
DBP6,0.026182432432432432
DBP7,0.027702702702702704
DBP8,0.005574324324324325
DBP9,0.0032094594594594596
DBR1,0.17483108108108109
DCC1,0.34054054054054056
DCD1,0.10540540540540541
DCG1,0.5888513513513514
DCI1,0.3748310810810811
DCK1,0.10878378378378378
DCN1,0.5402027027027027
DCP1,0.049493243243243244
DCP2,0.004054054054054054
DCR2,0.23243243243243245
DCS1,0.0005067567567567568
DCS2,0.011993243243243244
DCW1,0.054222972972972974
DDC1,0.7660472972972973
DDI1,0.0010135135135135136
DDI2,0.6329391891891892
DDP1,0.006925675675675676
DDR48,0.0016891891891891893
DED1,0.0
DED81,0.00016891891891891893
DEF1,0.0030405405405405407
DEG1,0.02956081081081081
DEP1,0.13091216216216217
DER1,0.7574324324324324
DET1,0.15945945945945947
DFG5,0.15219594594594596
DFM1,0.004054054054054054
DFR1,0.0875
DGK1,0.08226351351351352
DGR2,0.21908783783783783
DHH1,0.0010135135135135136
DHR2,0.06452702702702702
DIA1,0.035304054054054054
DIA4,0.15692567567567567
DIB1,0.03327702702702703
DIC1,0.011317567567567568
DID2,0.01891891891891892
DID4,0.010472972972972974
DIE2,0.5027027027027027
DIF1,0.4714527027027027
DIG1,0.10472972972972973
DIG2,0.27128378378378376
DIM1,0.0038851351351351354
DIP2,0.006418918918918919
DIP5,0.11114864864864865
DIS3,0.0033783783783783786
DIT2,0.6579391891891891
DJP1,0.01097972972972973
DLD1,0.0006756756756756757
DLD2,0.005067567567567568
DLD3,0.00033783783783783786
DMA1,0.31486486486486487
DMA2,0.0918918918918919
DML1,0.03209459459459459
DNA2,0.731418918918919
DNF1,0.008108108108108109
DNF2,0.023817567567567567
DNF3,0.06993243243243243
DNM1,0.0008445945945945946
DOA1,0.002364864864864865
DOA4,0.14307432432432432
DOG2,0.00016891891891891893
DOM34,0.02652027027027027
DOP1,0.018243243243243244
DOS2,0.07094594594594594
DOT1,0.5108108108108108
DOT5,0.006756756756756757
DOT6,0.37635135135135134
DPB2,0.052702702702702706
DPB4,0.02483108108108108
DPH1,0.08699324324324324
DPH2,0.054222972972972974
DPH5,0.0006756756756756757
DPH6,0.05202702702702703
DPL1,0.0035472972972972975
DPM1,0.0
DPP1,0.7162162162162162
DPS1,0.00016891891891891893
DRE2,0.02533783783783784
DRN1,0.3037162162162162
DRS1,0.0015202702702702704
DRS2,0.013513513513513514
DSC2,0.6486486486486487
DSC3,0.14391891891891892
DSD1,0.016554054054054055
DSE4,0.006418918918918919
DSF1,0.4739864864864865
DSF2,0.17601351351351352
DSK2,0.014020270270270271
DSL1,0.019425675675675675
DSN1,0.6817567567567567
DSS1,0.15827702702702703
DST1,0.007094594594594595
DTD1,0.01706081081081081
DUF1,0.02516891891891892
DUG1,0.00016891891891891893
DUG2,0.017398648648648648
DUG3,0.29172297297297295
DUN1,0.050506756756756754
DUO1,0.032939189189189186
"DUR1,2",0.011993243243243244
DUS1,0.03783783783783784
DUS3,0.007770270270270271
DUS4,0.3846283783783784
DUT1,0.00625
DYN1,0.4856418918918919
DYN2,0.022466216216216216
DYN3,0.7856418918918919
DYS1,0.0006756756756756757
EAF1,0.0597972972972973
EAF3,0.028040540540540542
EAF5,0.3652027027027027
EAF6,0.6103040540540541
EAF7,0.31756756756756754
EAP1,0.008952702702702703
EAR1,0.4925675675675676
EBP2,0.00793918918918919
EBS1,0.15760135135135134
ECI1,0.07753378378378378
ECM1,0.006756756756756757
ECM10,0.7638513513513514
ECM14,0.009966216216216217
ECM15,0.23141891891891891
ECM16,0.018581081081081082
ECM18,0.7858108108108108
ECM19,0.3635135135135135
ECM2,0.14070945945945945
ECM21,0.027364864864864866
ECM22,0.31283783783783786
ECM25,0.04358108108108108
ECM29,0.011824324324324325
ECM3,0.12516891891891893
ECM30,0.5403716216216217
ECM31,0.026182432432432432
ECM32,0.03141891891891892
ECM33,0.0
ECM38,0.10489864864864865
ECM4,0.008277027027027027
ECM9,0.20320945945945945
ECT1,0.16013513513513514
EDC3,0.014020270270270271
EDE1,0.00016891891891891893
EEB1,0.7545608108108108
EFB1,0.0
EFG1,0.014695945945945947
EFM1,0.007601351351351352
EFM2,0.7728040540540541
EFM3,0.30236486486486486
EFM4,0.008783783783783784
EFM5,0.026858108108108108
EFR3,0.033783783783783786
EFT1,0.0
EGD1,0.00016891891891891893
EGD2,0.0
EGH1,0.09881756756756757
EGO2,0.027533783783783784
EGT2,0.21047297297297296
EHD3,0.07145270270270271
EHT1,0.00016891891891891893
EIS1,0.0015202702702702704
EKI1,0.30827702702702703
ELC1,0.33513513513513515
ELF1,0.7741554054054054
ELM1,0.1912162162162162
ELO1,0.6322635135135135
ELO2,0.0032094594594594596
ELO3,0.00016891891891891893
ELP2,0.002533783783783784
ELP3,0.006756756756756757
ELP4,0.021114864864864864
ELP6,0.07753378378378378
EMA19,0.5150337837837838
EMC1,0.01722972972972973
EMC10,0.18175675675675676
EMC2,0.006587837837837838
EMC4,0.0057432432432432436
EMC5,0.007432432432432433
EMG1,0.00016891891891891893
EMI1,0.3028716216216216
EMI2,0.00016891891891891893
EMP24,0.0008445945945945946
EMP46,0.10726351351351351
EMP47,0.006418918918918919
EMP65,0.7251689189189189
EMP70,0.021283783783783785
EMW1,0.008108108108108109
ENA1,0.7251689189189189
ENA2,0.25625
END3,0.00625
ENO1,0.0
ENO2,0.0
ENP1,0.00016891891891891893
ENP2,0.020945945945945947
ENT1,0.01266891891891892
ENT2,0.0028716216216216218
ENT3,0.008277027027027027
ENT4,0.23175675675675675
ENT5,0.009121621621621622
ENV11,0.4903716216216216
ENV7,0.05101351351351351
ENV9,0.022972972972972974
EOS1,0.2922297297297297
EPL1,0.32297297297297295
EPS1,0.013851351351351352
EPT1,0.5626689189189189
ERB1,0.002702702702702703
ERC1,0.2400337837837838
ERD1,0.5560810810810811
ERD2,0.3346283783783784
ERG1,0.0016891891891891893
ERG10,0.0
ERG11,0.0011824324324324325
ERG12,0.0037162162162162164
ERG13,0.00033783783783783786
ERG2,0.037668918918918916
ERG20,0.0
ERG24,0.07685810810810811
ERG25,0.10118243243243243
ERG26,0.0018581081081081082
ERG27,0.002533783783783784
ERG28,0.0005067567567567568
ERG29,0.08260135135135135
ERG3,0.047635135135135134
ERG4,0.008952702702702703
ERG5,0.005236486486486487
ERG6,0.0005067567567567568
ERG7,0.03125
ERG8,0.0005067567567567568
ERG9,0.00033783783783783786
ERJ5,0.025675675675675677
ERO1,0.0008445945945945946
ERP1,0.0035472972972972975
ERP2,0.34864864864864864
ERP3,0.6798986486486487
ERP4,0.07398648648648648
ERP5,0.043243243243243246
ERP6,0.4356418918918919
ERR1,0.6875
ERR3,0.34864864864864864
ERV1,0.03361486486486486
ERV14,0.00016891891891891893
ERV15,0.6368243243243243
ERV2,0.03699324324324324
ERV25,0.0005067567567567568
ERV29,0.0032094594594594596
ERV41,0.19577702702702704
ERV46,0.00472972972972973
ESA1,0.08260135135135135
ESBP6,0.1375
ESC1,0.022972972972972974
ESC2,0.6182432432432432
ESF1,0.007601351351351352
ESF2,0.022128378378378378
ESL1,0.1579391891891892
ESL2,0.1552364864864865
ESS1,0.002364864864864865
ETP1,0.5728040540540541
ETR1,0.0032094594594594596
ETT1,0.017905405405405406
EUG1,0.009628378378378379
EXG1,0.00016891891891891893
EXG2,0.2195945945945946
EXO5,0.5329391891891891
EXO70,0.05641891891891892
EXO84,0.01587837837837838
EXP1,0.09932432432432432
FAA1,0.00016891891891891893
FAA2,0.016722972972972972
FAA3,0.09577702702702702
FAA4,0.0006756756756756757
FAB1,0.06148648648648649
FAD1,0.0339527027027027
FAF1,0.40675675675675677
FAL1,0.03733108108108108
FAP1,0.5535472972972973
FAP7,0.017398648648648648
FAR10,0.31503378378378377
FAR11,0.1258445945945946
FAR3,0.43530405405405403
FAR7,0.5554054054054054
FAR8,0.002533783783783784
FAS1,0.0
FAS2,0.0
FAT1,0.00472972972972973
FAU1,0.4314189189189189
FBA1,0.0
FBP1,0.32432432432432434
FBP26,0.012331081081081082
FCF1,0.26013513513513514
FCF2,0.029391891891891894
FCP1,0.02533783783783784
FCY1,0.011317567567567568
FCY2,0.2133445945945946
FDC1,0.1535472972972973
FDH1,0.5728040540540541
FDO1,0.49358108108108106
FES1,0.005067567567567568
FET3,0.21047297297297296
FET5,0.02195945945945946
FEX1,0.38902027027027025
FHL1,0.055574324324324326
FIG4,0.24864864864864866
FIN1,0.5851351351351352
FIP1,0.10878378378378378
FIR1,0.7366554054054054
FIS1,0.009121621621621622
FKH1,0.11368243243243244
FKH2,0.09391891891891892
FKS1,0.00033783783783783786
FLC1,0.6836148648648649
FLC2,0.045777027027027024
FLC3,0.2608108108108108
FMC1,0.06283783783783783
FMN1,0.00945945945945946
FMO1,0.031587837837837834
FMP10,0.019087837837837837
FMP16,0.02179054054054054
FMP23,0.6665540540540541
FMP25,0.022972972972972974
FMP27,0.47702702702702704
FMP30,0.1964527027027027
FMP32,0.33344594594594595
FMP33,0.40692567567567567
FMP40,0.046621621621621624
FMP41,0.025506756756756756
FMP42,0.11807432432432433
FMP45,0.2456081081081081
FMP46,0.008445945945945946
FMP52,0.0035472972972972975
FMS1,0.01891891891891892
FMT1,0.20337837837837838
FOB1,0.22652027027027027
FOL1,0.0035472972972972975
FOL2,0.002195945945945946
FOL3,0.19087837837837837
FOX2,0.054222972972972974
FPK1,0.06891891891891892
FPR1,0.0
FPR2,0.0032094594594594596
FPR3,0.00016891891891891893
FPR4,0.0008445945945945946
FPS1,0.09070945945945946
FRA1,0.002195945945945946
FRD1,0.0
FRE1,0.5947635135135135
FRE8,0.4114864864864865
FRK1,0.5048986486486486
FRM2,0.7425675675675676
FRQ1,0.6959459459459459
FRS1,0.00016891891891891893
FRS2,0.00016891891891891893
FSF1,0.004222972972972973
FSH1,0.00016891891891891893
FSH2,0.31368243243243243
FSH3,0.012331081081081082
FTH1,0.3288851351351351
FTR1,0.14493243243243242
FUB1,0.028547297297297297
FUI1,0.5942567567567567
FUM1,0.00016891891891891893
FUN12,0.00033783783783783786
FUN19,0.37415540540540543
FUN26,0.5548986486486487
FUN30,0.019763513513513513
FUR1,0.002533783783783784
FYV10,0.08496621621621622
FYV6,0.1472972972972973
FYV7,0.44391891891891894
FYV8,0.06942567567567567
FZF1,0.7722972972972973
FZO1,0.05540540540540541
GAA1,0.08074324324324324
GAB1,0.06722972972972972
GAC1,0.6498310810810811
GAD1,0.002027027027027027
GAL1,0.633277027027027
GAL10,0.6231418918918918
GAL11,0.025844594594594594
GAL3,0.3342905405405405
GAL7,0.5775337837837838
GAL80,0.15236486486486486
GAL83,0.010641891891891892
GAP1,0.4552364864864865
GAR1,0.0037162162162162164
GAS1,0.0038851351351351354
GAS3,0.23766891891891892
GAS5,0.23260135135135135
GAT1,0.37027027027027026
GBP2,0.0006756756756756757
GCD1,0.0038851351351351354
GCD10,0.006418918918918919
GCD11,0.00016891891891891893
GCD14,0.006081081081081081
GCD2,0.0059121621621621625
GCD6,0.0011824324324324325
GCD7,0.014527027027027028
GCG1,0.49493243243243246
GCN1,0.0005067567567567568
GCN2,0.044763513513513514
GCN20,0.0013513513513513514
GCN3,0.02027027027027027
GCN5,0.031587837837837834
GCR1,0.5472972972972973
GCR2,0.02483108108108108
GCS1,0.009797297297297298
GCV1,0.0006756756756756757
GCV2,0.005574324324324325
GCV3,0.02179054054054054
GCY1,0.00016891891891891893
GDA1,0.005067567567567568
GDB1,0.00033783783783783786
GDE1,0.06199324324324324
GDH1,0.0
GDH2,0.0006756756756756757
GDH3,0.09898648648648649
GDI1,0.00033783783783783786
GDS1,0.7706081081081081
GDT1,0.4521959459459459
GEA1,0.18530405405405406
GEA2,0.022635135135135136
GEF1,0.03260135135135135
GEM1,0.07060810810810811
GEP3,0.17314189189189189
GEP4,0.6961148648648648
GEP5,0.6300675675675675
GEP7,0.2646959459459459
GET1,0.06554054054054054
GET2,0.046114864864864866
GET3,0.00033783783783783786
GET4,0.0222972972972973
GFA1,0.0006756756756756757
GFD1,0.5932432432432433
GFD2,0.7831081081081082
GGA1,0.006587837837837838
GGA2,0.002027027027027027
GGC1,0.0013513513513513514
GIC1,0.7873310810810811
GID7,0.01891891891891892
GID8,0.02483108108108108
GIM3,0.014527027027027028
GIM4,0.20743243243243242
GIM5,0.012162162162162163
GIN4,0.024662162162162164
GIP2,0.32432432432432434
GIP3,0.025844594594594594
GIP4,0.14442567567567569
GIR2,0.009628378378378379
GIS1,0.1143581081081081
GIS2,0.07939189189189189
GIS3,0.7157094594594594
GIS4,0.1454391891891892
GLC3,0.0013513513513513514
GLC7,0.00033783783783783786
GLC8,0.032939189189189186
GLE1,0.07297297297297298
GLE2,0.017736486486486486
GLG1,0.21081081081081082
GLG2,0.25084459459459457
GLK1,0.0
GLN1,0.00016891891891891893
GLN3,0.33699324324324326
GLN4,0.0
GLO1,0.0008445945945945946
GLO2,0.02314189189189189
GLO3,0.0010135135135135136
GLO4,0.11402027027027027
GLR1,0.00033783783783783786
GLT1,0.00016891891891891893
GLY1,0.0005067567567567568
GMH1,0.18462837837837837
GNA1,0.015033783783783785
GND1,0.0
GND2,0.009628378378378379
GNP1,0.025844594594594594
GNT1,0.019425675675675675
GON7,0.04442567567567567
GOR1,0.0
GOS1,0.011993243243243244
GPA2,0.005236486486486487
GPB1,0.044256756756756756
GPB2,0.2945945945945946
GPC1,0.2633445945945946
GPD1,0.0
GPD2,0.004391891891891892
GPG1,0.0679054054054054
GPH1,0.0
GPI10,0.3236486486486487
GPI11,0.10422297297297298
GPI12,0.14662162162162162
GPI13,0.03361486486486486
GPI14,0.18631756756756757
GPI15,0.658445945945946
GPI16,0.012331081081081082
GPI17,0.017736486486486486
GPI8,0.0633445945945946
GPM1,0.0
GPM2,0.014358108108108109
GPM3,0.5952702702702702
GPN2,0.04375
GPN3,0.04054054054054054
GPP1,0.0
GPP2,0.002195945945945946
GPR1,0.7991554054054054
GPT2,0.009628378378378379
GPX1,0.6964527027027027
GPX2,0.34864864864864864
GRC3,0.19307432432432434
GRE1,0.4606418918918919
GRE2,0.0013513513513513514
GRE3,0.0
GRH1,0.021621621621621623
GRR1,0.1035472972972973
GRS1,0.00016891891891891893
GRS2,0.1964527027027027
GRX1,0.0
GRX2,0.00016891891891891893
GRX3,0.002195945945945946
GRX4,0.00625
GRX5,0.03733108108108108
GRX6,0.1758445945945946
GRX7,0.004222972972972973
GRX8,0.0059121621621621625
GSC2,0.002533783783783784
GSF2,0.00033783783783783786
GSH1,0.007094594594594595
GSH2,0.004054054054054054
GSM1,0.7364864864864865
GSP1,0.0
GSP2,0.08851351351351351
GSY1,0.049493243243243244
GSY2,0.0
GTB1,0.055236486486486484
GTF1,0.4081081081081081
GTO1,0.4194256756756757
GTR1,0.05945945945945946
GTR2,0.012837837837837839
GTS1,0.02787162162162162
GTT1,0.0013513513513513514
GTT2,0.7467905405405405
GTT3,0.14831081081081082
GUA1,0.00016891891891891893
GUD1,0.49341216216216216
GUF1,0.539527027027027
GUK1,0.0
GUP1,0.005574324324324325
GUS1,0.0
GUT1,0.13952702702702702
GUT2,0.00033783783783783786
GVP36,0.00016891891891891893
GWT1,0.5172297297297297
GYL1,0.015371621621621622
GYP1,0.06418918918918919
GYP5,0.011824324324324325
GYP6,0.13175675675675674
GYP7,0.021621621621621623
GYP8,0.7449324324324325
GZF3,0.4606418918918919
HAA1,0.07246621621621621
HAL5,0.014527027027027028
HAL9,0.1606418918918919
HAM1,0.009628378378378379
HAP1,0.07212837837837838
HAP2,0.622804054054054
HAP3,0.22263513513513514
HAP5,0.46824324324324323
HAS1,0.0005067567567567568
HAT1,0.025
HAT2,0.02010135135135135
HBN1,0.0
HBS1,0.009290540540540541
HBT1,0.07989864864864865
HCA4,0.011655405405405406
HCH1,0.0005067567567567568
HCR1,0.0005067567567567568
HCS1,0.04560810810810811
HDA1,0.014358108108108109
HDA2,0.03462837837837838
HDA3,0.17010135135135135
HEF3,0.036317567567567564
HEH2,0.022972972972972974
HEK2,0.00033783783783783786
HEL2,0.022804054054054054
HEM1,0.006756756756756757
HEM12,0.036317567567567564
HEM13,0.0028716216216216218
HEM14,0.019763513513513513
HEM15,0.010641891891891892
HEM2,0.002702702702702703
HEM25,0.10337837837837838
HEM3,0.016385135135135134
HEM4,0.025844594594594594
HER1,0.011993243243243244
HER2,0.527195945945946
HFA1,0.22111486486486487
HFD1,0.0028716216216216218
HFI1,0.09070945945945946
HGH1,0.0032094594594594596
HHF1,0.0
HHO1,0.0015202702702702704
HHT1,0.06976351351351351
HIF1,0.03564189189189189
HIP1,0.3185810810810811
HIR1,0.11976351351351351
HIR2,0.17804054054054055
HIR3,0.26756756756756755
HIS1,0.00016891891891891893
HIS2,0.12787162162162163
HIS3,0.004054054054054054
HIS4,0.00016891891891891893
HIS5,0.0015202702702702704
HIS6,0.06824324324324324
HIS7,0.0011824324324324325
HIT1,0.1314189189189189
HLJ1,0.23023648648648648
HMF1,0.00016891891891891893
HMG1,0.002027027027027027
HMG2,0.04831081081081081
HMI1,0.7184121621621622
HMO1,0.0011824324324324325
HMRA1,0.7849662162162162
HMT1,0.0028716216216216218
HMX1,0.29510135135135135
HNM1,0.24746621621621623
HNT1,0.006081081081081081
HNT2,0.03597972972972973
HOC1,0.015371621621621622
HOG1,0.005067567567567568
HOL1,0.5680743243243244
HOM2,0.0
HOM3,0.00033783783783783786
HOM6,0.0
HOR7,0.23361486486486485
HOS1,0.7079391891891892
HOS2,0.42162162162162165
HOS3,0.013682432432432433
HOS4,0.11030405405405405
HOT1,0.7184121621621622
HPA2,0.579222972972973
HPA3,0.2650337837837838
HPC2,0.3141891891891892
HPF1,0.425
HPM1,0.005067567567567568
HPR1,0.030912162162162162
HPT1,0.00016891891891891893
HRB1,0.004898648648648649
HRD1,0.675
HRD3,0.02314189189189189
HRI1,0.00016891891891891893
HRK1,0.004391891891891892
HRP1,0.005067567567567568
HRQ1,0.3652027027027027
HRR25,0.004560810810810811
HRT1,0.46385135135135136
HRT3,0.42162162162162165
HSC82,0.0
HSE1,0.018243243243243244
HSF1,0.04172297297297297
HSH155,0.01722972972972973
HSH49,0.14847972972972973
HSK3,0.13885135135135135
HSL1,0.2847972972972973
HSL7,0.045777027027027024
HSM3,0.00625
HSP10,0.0
HSP104,0.00016891891891891893
HSP12,0.0
HSP150,0.0
HSP26,0.002027027027027027
HSP30,0.3400337837837838
HSP31,0.0
HSP32,0.7734797297297298
HSP42,0.0011824324324324325
HSP60,0.0
HSP78,0.00016891891891891893
HSP82,0.0
HST1,0.4521959459459459
HST2,0.14662162162162162
HST4,0.6712837837837838
HSU1,0.08530405405405406
HSV2,0.1116554054054054
HTA1,0.0
HTB1,0.3655405405405405
HTB2,0.7008445945945946
HTD2,0.27804054054054056
HTL1,0.03986486486486487
HTS1,0.0005067567567567568
HTZ1,0.010472972972972974
HUA2,0.5162162162162162
HUB1,0.08716216216216216
HUG1,0.7391891891891892
HUL5,0.06233108108108108
HXK1,0.0
HXK2,0.0
HXT1,0.4581081081081081
HXT2,0.08260135135135135
HXT3,0.0013513513513513514
HXT4,0.021621621621621623
HXT5,0.23057432432432431
HXT6,0.10878378378378378
HXT7,0.4456081081081081
HXT8,0.5589527027027027
HYM1,0.029222972972972973
HYP2,0.0
HYR1,0.0011824324324324325
IAH1,0.0472972972972973
IBA57,0.11418918918918919
IBD2,0.3633445945945946
ICE2,0.07060810810810811
ICL1,0.15304054054054053
ICL2,0.7625
ICP55,0.02972972972972973
ICT1,0.4922297297297297
IDH1,0.00016891891891891893
IDH2,0.0
IDI1,0.0005067567567567568
IDP1,0.00016891891891891893
IDP2,0.03969594594594594
IDP3,0.22027027027027027
IDS2,0.18733108108108107
IES1,0.03868243243243243
IES2,0.03513513513513514
IES3,0.04391891891891892
IES4,0.07246621621621621
IES5,0.5668918918918919
IES6,0.44425675675675674
IFA38,0.0016891891891891893
IFH1,0.4890202702702703
IFM1,0.09695945945945945
IGD1,0.06047297297297297
IGO1,0.01114864864864865
IGO2,0.13125
IKI1,0.030912162162162162
IKI3,0.0030405405405405407
IKS1,0.21114864864864866
ILS1,0.00033783783783783786
ILV1,0.00033783783783783786
ILV2,0.00016891891891891893
ILV3,0.00033783783783783786
ILV5,0.0
ILV6,0.0006756756756756757
IMA1,0.058952702702702704
IMA3,0.6236486486486487
IMD2,0.03834459459459459
IMD3,0.00033783783783783786
IMD4,0.00016891891891891893
IMG1,0.007094594594594595
IMG2,0.015540540540540541
IMH1,0.028547297297297297
IML1,0.1491554054054054
IML2,0.0015202702702702704
IMO32,0.038175675675675674
IMP2,0.7815878378378378
IMP2',0.25320945945945944
IMP3,0.024155405405405405
IMP4,0.021452702702702702
INA17,0.37466216216216214
INA22,0.5773648648648648
INH1,0.1847972972972973
INM1,0.21570945945945946
INM2,0.24121621621621622
INN1,0.7709459459459459
INO1,0.0
INO2,0.7972972972972973
INO80,0.012837837837837839
INP51,0.20185810810810811
INP52,0.10371621621621621
INP53,0.00793918918918919
INP54,0.10472972972972973
IOC2,0.034797297297297296
IOC3,0.031587837837837834
IOC4,0.031587837837837834
IPI1,0.025506756756756756
IPI3,0.006081081081081081
IPP1,0.0
IPT1,0.3706081081081081
IRA1,0.04307432432432432
IRA2,0.09628378378378379
IRC15,0.29679054054054055
IRC19,0.3881756756756757
IRC20,0.7123310810810811
IRC21,0.08716216216216216
IRC22,0.4064189189189189
IRC24,0.004560810810810811
IRC25,0.11097972972972973
IRC3,0.7439189189189189
IRC5,0.41030405405405407
IRC7,0.4319256756756757
IRE1,0.10692567567567568
IRR1,0.04341216216216216
ISA1,0.4209459459459459
ISC1,0.02027027027027027
ISD11,0.007263513513513514
ISF1,0.545777027027027
ISM1,0.09628378378378379
ISN1,0.014527027027027028
IST1,0.10084459459459459
IST2,0.0006756756756756757
IST3,0.5160472972972973
ISU1,0.04341216216216216
ISW1,0.005236486486486487
ISW2,0.027195945945945946
ISY1,0.07466216216216216
ITC1,0.02179054054054054
ITR1,0.0011824324324324325
IVY1,0.0125
IWR1,0.7302364864864865
IXR1,0.02837837837837838
IZH1,0.5567567567567567
IZH2,0.6456081081081081
JAC1,0.13564189189189188
JEM1,0.05827702702702703
JEN1,0.5619932432432433
JIP4,0.05777027027027027
JIP5,0.01891891891891892
JJJ1,0.2981418918918919
JLP2,0.23412162162162162
JNM1,0.5763513513513514
JSN1,0.027195945945945946
KAE1,0.04307432432432432
KAP104,0.0030405405405405407
KAP114,0.03226351351351351
KAP120,0.016722972972972972
KAP122,0.08023648648648649
KAP123,0.00016891891891891893
KAP95,0.004560810810810811
KAR2,0.0
KAR3,0.3530405405405405
KCC4,0.41047297297297297
KCS1,0.020777027027027026
KEG1,0.7079391891891892
KEI1,0.0918918918918919
KEL1,0.010472972972972974
KEL2,0.7258445945945946
KEL3,0.014864864864864866
KES1,0.00033783783783783786
KEX1,0.02702702702702703
KEX2,0.7940878378378379
KGD1,0.0
KGD2,0.0
KHA1,0.47719594594594594
KIC1,0.030912162162162162
KIN1,0.011655405405405406
KIN2,0.018243243243243244
KIN28,0.02195945945945946
KIN3,0.41385135135135137
KIN4,0.12094594594594595
KIP2,0.30743243243243246
KIP3,0.20405405405405405
KKQ8,0.30625
KNS1,0.5052364864864864
KOG1,0.029222972972972973
KRE2,0.002195945945945946
KRE29,0.7207770270270271
KRE33,0.0005067567567567568
KRE5,0.02820945945945946
KRE6,0.010810810810810811
KRE9,0.5194256756756757
KRI1,0.011824324324324325
KRR1,0.006418918918918919
KRS1,0.0
KSH1,0.05456081081081081
KSP1,0.03445945945945946
KSS1,0.18800675675675677
KTI12,0.012837837837837839
KTR1,0.0006756756756756757
KTR2,0.5518581081081081
KTR3,0.002702702702702703
KTR4,0.01114864864864865
KTR5,0.5775337837837838
KTR6,0.014358108108108109
KTR7,0.3954391891891892
KXD1,0.25067567567567567
LAA1,0.03699324324324324
LAA2,0.408277027027027
LAC1,0.009290540540540541
LAG1,0.23817567567567569
LAG2,0.03462837837837838
LAM1,0.4739864864864865
LAM4,0.5581081081081081
LAM5,0.09983108108108107
LAM6,0.08817567567567568
LAP2,0.002195945945945946
LAP3,0.0
LAS1,0.6839527027027027
LAS17,0.01418918918918919
LAS21,0.35016891891891894
LAT1,0.00016891891891891893
LCB1,0.008445945945945946
LCB2,0.007263513513513514
LCB3,0.2116554054054054
LCB4,0.015033783783783785
LCB5,0.02972972972972973
LCD1,0.4635135135135135
LCL2,0.0758445945945946
LCL3,0.7577702702702702
LCP5,0.009797297297297298
LDB16,0.6680743243243243
LDB19,0.023986486486486488
LDB7,0.11148648648648649
LDH1,0.3081081081081081
LDO45,0.0402027027027027
LEA1,0.19256756756756757
LEM3,0.01841216216216216
LEO1,0.014695945945945947
LEU1,0.002364864864864865
LEU2,0.0
LEU3,0.24070945945945946
LEU4,0.00016891891891891893
LEU5,0.48260135135135135
LEU9,0.004222972972972973
LGE1,0.1375
LHP1,0.0030405405405405407
LHS1,0.002364864864864865
LIA1,0.0006756756756756757
LIN1,0.6547297297297298
LIP1,0.19054054054054054
LIP2,0.16908783783783785
LIP5,0.02989864864864865
LMO1,0.17567567567567569
LNP1,0.11452702702702702
LOA1,0.08986486486486486
LOC1,0.0038851351351351354
LOS1,0.05118243243243243
LOT5,0.7131756756756756
LOT6,0.2922297297297297
LPD1,0.0
LPL1,0.21047297297297296
LPX1,0.5861486486486487
LRG1,0.3662162162162162
LRO1,0.016047297297297296
LRP1,0.030574324324324324
LSB1,0.038513513513513516
LSB3,0.0005067567567567568
LSB5,0.02483108108108108
LSB6,0.26199324324324325
LSC1,0.0
LSC2,0.00016891891891891893
LSG1,0.0030405405405405407
LSM1,0.02652027027027027
LSM12,0.00472972972972973
LSM2,0.004560810810810811
LSM3,0.028547297297297297
LSM4,0.008952702702702703
LSM5,0.1035472972972973
LSM6,0.002027027027027027
LSM7,0.07094594594594594
LSO2,0.011993243243243244
LSP1,0.0
LST7,0.42905405405405406
LST8,0.017398648648648648
LTE1,0.33885135135135136
LTO1,0.6234797297297298
LTP1,0.046621621621621624
LTV1,0.026858108108108108
LUC7,0.377027027027027
LYP1,0.32111486486486485
LYS1,0.0
LYS12,0.00016891891891891893
LYS14,0.7347972972972973
LYS2,0.0008445945945945946
LYS20,0.0
LYS21,0.00033783783783783786
LYS4,0.0018581081081081082
LYS9,0.00016891891891891893
MAD1,0.028040540540540542
MAD2,0.13614864864864865
MAE1,0.0006756756756756757
MAF1,0.19222972972972974
MAG1,0.07094594594594594
MAG2,0.27820945945945946
MAK10,0.04273648648648649
MAK11,0.0033783783783783786
MAK16,0.0035472972972972975
MAK21,0.0015202702702702704
MAK3,0.17195945945945945
MAK31,0.4760135135135135
MAK32,0.2304054054054054
MAK5,0.009121621621621622
MAL12,0.6822635135135136
MAM3,0.05101351351351351
MAM33,0.0013513513513513514
MAP1,0.0010135135135135136
MAP2,0.0015202702702702704
MAS1,0.0011824324324324325
MAS2,0.0059121621621621625
MATALPHA2,0.79375
MBA1,0.15472972972972973
MBF1,0.00016891891891891893
MBP1,0.013513513513513514
MBR1,0.45337837837837835
MCA1,0.0013513513513513514
MCD1,0.23969594594594595
MCD4,0.00033783783783783786
MCK1,0.0008445945945945946
MCM1,0.02314189189189189
MCM10,0.5182432432432432
MCM2,0.0033783783783783786
MCM3,0.011824324324324325
MCM4,0.0059121621621621625
MCM5,0.010472972972972974
MCM6,0.006081081081081081
MCM7,0.018581081081081082
MCO6,0.7616554054054054
MCP1,0.5190878378378379
MCP2,0.028547297297297297
MCR1,0.0
MCT1,0.047635135135135134
MCX1,0.010135135135135136
MCY1,0.00625
MDE1,0.26013513513513514
MDG1,0.02972972972972973
MDH1,0.0
MDH2,0.008614864864864865
MDH3,0.0008445945945945946
MDJ1,0.01722972972972973
MDJ2,0.504222972972973
MDL1,0.023310810810810812
MDL2,0.008614864864864865
MDM10,0.05827702702702703
MDM12,0.6116554054054054
MDM20,0.010304054054054055
MDM32,0.7103040540540541
MDM35,0.43699324324324323
MDM36,0.5211148648648649
MDM38,0.002702702702702703
MDN1,0.012162162162162163
MDR1,0.013006756756756757
MDS3,0.04155405405405405
MDV1,0.03648648648648649
MDY2,0.016891891891891893
MEC1,0.45692567567567566
MEC3,0.28445945945945944
MED1,0.05101351351351351
MED11,0.03597972972972973
MED2,0.08851351351351351
MED4,0.02652027027027027
MED6,0.04087837837837838
MED7,0.19628378378378378
MED8,0.3891891891891892
MEF1,0.0006756756756756757
MEF2,0.024324324324324326
MEH1,0.43986486486486487
MEP1,0.13766891891891891
MES1,0.0005067567567567568
MET1,0.11114864864864865
MET10,0.0006756756756756757
MET12,0.009797297297297298
MET13,0.002195945945945946
MET14,0.01097972972972973
MET16,0.30743243243243246
MET17,0.0
MET18,0.02060810810810811
MET2,0.08564189189189189
MET22,0.0016891891891891893
MET3,0.0005067567567567568
MET30,0.14138513513513515
MET4,0.36097972972972975
MET5,0.0038851351351351354
MET6,0.0
MET7,0.002364864864864865
MET8,0.013851351351351352
MEU1,0.006756756756756757
MEX67,0.009628378378378379
MFB1,0.16942567567567568
MFT1,0.03277027027027027
MGA2,0.435472972972973
MGE1,0.010304054054054055
MGM1,0.033783783783783786
MGM101,0.0035472972972972975
MGR1,0.01875
MGR2,0.6974662162162162
MGR3,0.04847972972972973
MGS1,0.16875
MHF1,0.12027027027027028
MHF2,0.3302364864864865
MHO1,0.007770270270270271
MHP1,0.016216216216216217
MHR1,0.01418918918918919
MHT1,0.12246621621621621
MIA40,0.0035472972972972975
MIC10,0.00016891891891891893
MIC12,0.005067567567567568
MIC19,0.006081081081081081
MIC26,0.08614864864864864
MIC27,0.016385135135135134
MIC60,0.0006756756756756757
MID2,0.00625
MIF2,0.785472972972973
MIG1,0.07094594594594594
MIG2,0.6581081081081082
MIL1,0.08547297297297297
MIP1,0.7797297297297298
MIR1,0.00016891891891891893
MIS1,0.0011824324324324325
MIT1,0.07027027027027027
MIX14,0.42010135135135135
MIX17,0.2701013513513513
MIX23,0.030743243243243245
MKC7,0.5907094594594594
MKK1,0.7584459459459459
MKK2,0.38902027027027025
MKS1,0.047972972972972976
MKT1,0.0005067567567567568
MLC1,0.00033783783783783786
MLC2,0.05304054054054054
MLF3,0.18412162162162163
MLH1,0.060304054054054056
MLP1,0.013175675675675676
MLP2,0.03429054054054054
MLS1,0.0038851351351351354
MMF1,0.00016891891891891893
MMM1,0.3339527027027027
MMP1,0.7760135135135136
MMR1,0.6464527027027027
MMS1,0.10253378378378378
MMS2,0.03141891891891892
MMS21,0.46807432432432433
MMT1,0.0785472972972973
MMT2,0.14239864864864865
MND1,0.7016891891891892
MND2,0.7532094594594595
MNE1,0.18412162162162163
MNL1,0.47179054054054054
MNL2,0.04510135135135135
MNN1,0.07533783783783783
MNN10,0.016722972972972972
MNN11,0.0030405405405405407
MNN2,0.00625
MNN4,0.03006756756756757
MNN5,0.002702702702702703
MNN9,0.0015202702702702704
MNP1,0.36993243243243246
MNR2,0.04831081081081081
MNS1,0.04560810810810811
MNT2,0.7655405405405405
MNT3,0.20135135135135135
MOB1,0.3305743243243243
MOB2,0.23226351351351351
MOD5,0.03581081081081081
MOG1,0.03783783783783784
MOH1,0.4486486486486487
MON1,0.46554054054054056
MON2,0.017398648648648648
MOT1,0.01570945945945946
MOT2,0.012837837837837839
MOT3,0.10118243243243243
MPA43,0.7863175675675675
MPC1,0.32449324324324325
MPC3,0.09814189189189189
MPD1,0.011993243243243244
MPD2,0.024493243243243243
MPE1,0.057432432432432436
MPH1,0.5719594594594595
MPM1,0.014695945945945947
MPO1,0.1633445945945946
MPP10,0.008445945945945946
MPP6,0.3680743243243243
MPS3,0.4625
MPT5,0.036655405405405406
MRC1,0.11047297297297297
MRD1,0.0028716216216216218
MRE11,0.044256756756756756
MRF1,0.7802364864864865
MRH1,0.08496621621621622
MRH4,0.03935810810810811
MRI1,0.002364864864864865
MRL1,0.6930743243243244
MRM1,0.6505067567567567
MRN1,0.014864864864864866
MRP1,0.005067567567567568
MRP13,0.008952702702702703
MRP17,0.027533783783783784
MRP2,0.03277027027027027
MRP20,0.010472972972972974
MRP21,0.014527027027027028
MRP4,0.0015202702702702704
MRP49,0.0375
MRP51,0.017398648648648648
MRP7,0.015371621621621622
MRP8,0.00016891891891891893
MRPL1,0.006418918918918919
MRPL10,0.027702702702702704
MRPL11,0.013006756756756757
MRPL13,0.027364864864864866
MRPL15,0.007770270270270271
MRPL16,0.1070945945945946
MRPL17,0.014358108108108109
MRPL19,0.013682432432432433
MRPL20,0.01722972972972973
MRPL22,0.024155405405405405
MRPL23,0.020777027027027026
MRPL24,0.01266891891891892
MRPL25,0.03209459459459459
MRPL27,0.055574324324324326
MRPL28,0.010472972972972974
MRPL3,0.0032094594594594596
MRPL31,0.02195945945945946
MRPL32,0.031587837837837834
MRPL33,0.5613175675675676
MRPL35,0.008445945945945946
MRPL36,0.019763513513513513
MRPL38,0.12010135135135135
MRPL39,0.007432432432432433
MRPL4,0.012162162162162163
MRPL40,0.004391891891891892
MRPL44,0.2515202702702703
MRPL49,0.08868243243243243
MRPL50,0.0891891891891892
MRPL51,0.017736486486486486
MRPL6,0.010472972972972974
MRPL7,0.14527027027027026
MRPL8,0.010135135135135136
MRPL9,0.008277027027027027
MRPS12,0.01841216216216216
MRPS16,0.08158783783783784
MRPS17,0.004054054054054054
MRPS18,0.006081081081081081
MRPS28,0.021452702702702702
MRPS35,0.00625
MRPS5,0.01875
MRPS8,0.01587837837837838
MRPS9,0.011655405405405406
MRS1,0.05726351351351351
MRS3,0.22381756756756757
MRS4,0.06418918918918919
MRS6,0.011655405405405406
MRT4,0.006756756756756757
MRX1,0.17533783783783785
MRX10,0.7621621621621621
MRX12,0.08108108108108109
MRX3,0.012162162162162163
MRX4,0.4224662162162162
MRX5,0.7630067567567568
MRX7,0.11064189189189189
MRX9,0.09527027027027027
MSB1,0.28175675675675677
MSB3,0.3359797297297297
MSC1,0.0011824324324324325
MSC2,0.3015202702702703
MSC3,0.019256756756756758
MSC6,0.005574324324324325
MSC7,0.0008445945945945946
MSD1,0.004054054054054054
MSE1,0.07837837837837838
MSF1,0.044256756756756756
MSH1,0.11756756756756757
MSH2,0.013682432432432433
MSH3,0.06942567567567567
MSH6,0.01875
MSI1,0.07111486486486486
MSK1,0.17212837837837838
MSL1,0.03581081081081081
MSL5,0.1231418918918919
MSM1,0.16976351351351351
MSN1,0.5361486486486486
MSN2,0.0785472972972973
MSN4,0.5569256756756756
MSN5,0.013344594594594595
MSO1,0.23935810810810812
MSP1,0.0125
MSR1,0.19949324324324325
MSS1,0.4484797297297297
MSS11,0.5131756756756757
MSS116,0.0010135135135135136
MSS18,0.3001689189189189
MSS2,0.17229729729729729
MSS4,0.19949324324324325
MSS51,0.0018581081081081082
MST1,0.02972972972972973
MST28,0.7557432432432433
MSW1,0.0652027027027027
MSY1,0.052702702702702706
MTC1,0.00033783783783783786
MTC2,0.5912162162162162
MTC3,0.3619932432432432
MTC4,0.2427364864864865
MTC5,0.047128378378378376
MTD1,0.005236486486486487
MTF1,0.12381756756756757
MTF2,0.019425675675675675
MTG1,0.21621621621621623
MTG2,0.12533783783783783
MTM1,0.0929054054054054
MTO1,0.05152027027027027
MTQ2,0.44932432432432434
MTR10,0.014358108108108109
MTR2,0.14594594594594595
MTR3,0.18175675675675676
MTR4,0.002702702702702703
MTW1,0.28091216216216214
MUB1,0.28885135135135137
MUD1,0.5511824324324325
MUD2,0.22804054054054054
MUK1,0.026013513513513515
MUM2,0.09712837837837837
MUP1,0.07618243243243243
MVD1,0.0
MVP1,0.013344594594594595
MXR1,0.010135135135135136
MXR2,0.14763513513513513
MYO1,0.10456081081081081
MYO2,0.0008445945945945946
MYO3,0.004560810810810811
MYO4,0.014695945945945947
MYO5,0.007770270270270271
MZM1,0.34070945945945946
NAB2,0.12246621621621621
NAB3,0.005067567567567568
NAB6,0.010135135135135136
NAF1,0.35962837837837835
NAM2,0.03175675675675676
NAM7,0.005067567567567568
NAM8,0.31300675675675677
NAM9,0.0037162162162162164
NAN1,0.002364864864864865
NAP1,0.0011824324324324325
NAR1,0.08682432432432433
NAS2,0.033783783783783786
NAS6,0.004391891891891892
NAT1,0.0016891891891891893
NAT2,0.047635135135135134
NAT3,0.06486486486486487
NAT4,0.6136824324324325
NAT5,0.03564189189189189
NBA1,0.07331081081081081
NBP2,0.04814189189189189
NBP35,0.21891891891891893
NCA2,0.024155405405405405
NCA3,0.08074324324324324
NCB2,0.021621621621621623
NCE102,0.0035472972972972975
NCE103,0.28125
NCL1,0.0015202702702702704
NCP1,0.0013513513513513514
NCR1,0.15945945945945947
NCS2,0.04493243243243243
NCS6,0.03614864864864865
NDC1,0.014020270270270271
NDC80,0.3219594594594595
NDE1,0.00016891891891891893
NDE2,0.3072635135135135
NDI1,0.0
NEO1,0.016385135135135134
NET1,0.0059121621621621625
NEW1,0.00033783783783783786
NFI1,0.6396959459459459
NFS1,0.0
NFU1,0.0013513513513513514
NGG1,0.04375
NGL1,0.09273648648648648
NGL2,0.01756756756756757
NGL3,0.3864864864864865
NGR1,0.01570945945945946
NHA1,0.17736486486486486
NHP10,0.033783783783783786
NHP2,0.004560810810810811
NHP6A,0.00472972972972973
NHP6B,0.00016891891891891893
NHX1,0.6788851351351352
NIC96,0.002027027027027027
NIF3,0.004391891891891892
NIP1,0.0
NIP7,0.007770270270270271
NIT1,0.7633445945945946
NIT2,0.09222972972972973
NIT3,0.0011824324324324325
NKP1,0.09543918918918919
NMA1,0.01097972972972973
NMA111,0.0006756756756756757
NMA2,0.2427364864864865
NMD2,0.02314189189189189
NMD3,0.0013513513513513514
NMD5,0.01891891891891892
NMT1,0.017736486486486486
NNF1,0.6175675675675676
NNF2,0.05456081081081081
NNK1,0.5493243243243243
NNR1,0.04966216216216216
NNR2,0.00033783783783783786
NNT1,0.026858108108108108
NOB1,0.02043918918918919
NOC2,0.0008445945945945946
NOC3,0.009121621621621622
NOC4,0.10929054054054053
NOG1,0.0008445945945945946
NOG2,0.0016891891891891893
NOP1,0.0
NOP10,0.007094594594594595
NOP12,0.0030405405405405407
NOP13,0.007770270270270271
NOP14,0.0125
NOP15,0.024493243243243243
NOP16,0.02956081081081081
NOP19,0.2591216216216216
NOP2,0.002027027027027027
NOP4,0.005067567567567568
NOP53,0.011824324324324325
NOP56,0.0
NOP58,0.0
NOP6,0.002027027027027027
NOP7,0.002364864864864865
NOP8,0.023310810810810812
NOP9,0.017905405405405406
NOT3,0.018074324324324324
NOT5,0.011486486486486487
NPA3,0.00472972972972973
NPC2,0.0005067567567567568
NPL3,0.0013513513513513514
NPL4,0.010304054054054055
NPL6,0.0057432432432432436
NPP1,0.4599662162162162
NPR1,0.009797297297297298
NPR2,0.16841216216216215
NPR3,0.11587837837837837
NPT1,0.00033783783783783786
NPY1,0.04375
NQM1,0.00016891891891891893
NRD1,0.002027027027027027
NRG1,0.31706081081081083
NRK1,0.23293918918918918
NRM1,0.32077702702702704
NRP1,0.30067567567567566
NSA1,0.007263513513513514
NSA2,0.006587837837837838
NSE1,0.4484797297297297
NSE3,0.41452702702702704
NSE4,0.7263513513513513
NSG1,0.03125
NSG2,0.11385135135135135
NSI1,0.4660472972972973
NSP1,0.002195945945945946
NSR1,0.00016891891891891893
NST1,0.0945945945945946
NTA1,0.0883445945945946
NTC20,0.2087837837837838
NTE1,0.04847972972972973
NTF2,0.00016891891891891893
NTH1,0.0005067567567567568
NTH2,0.05033783783783784
NTR2,0.5908783783783784
NUC1,0.00472972972972973
NUD1,0.27702702702702703
NUF2,0.03935810810810811
NUG1,0.00472972972972973
NUM1,0.009290540540540541
NUP1,0.01418918918918919
NUP100,0.02027027027027027
NUP116,0.01587837837837838
NUP120,0.011317567567567568
NUP133,0.004560810810810811
NUP145,0.0125
NUP157,0.009121621621621622
NUP159,0.0030405405405405407
NUP170,0.009628378378378379
NUP188,0.013175675675675676
NUP192,0.019425675675675675
NUP2,0.0018581081081081082
NUP42,0.5097972972972973
NUP49,0.03260135135135135
NUP53,0.023310810810810812
NUP57,0.005236486486486487
NUP60,0.011486486486486487
NUP82,0.021621621621621623
NUP84,0.023986486486486488
NUP85,0.0402027027027027
NUR1,0.7506756756756757
NUS1,0.02314189189189189
NUT1,0.025675675675675677
NUT2,0.16503378378378378
NVJ1,0.14341216216216215
NVJ2,0.015033783783783785
NYV1,0.18631756756756757
OAC1,0.0015202702702702704
OAF1,0.4173986486486487
OAF3,0.5834459459459459
OCA1,0.022128378378378378
OCA2,0.4570945945945946
OCA4,0.046621621621621624
OCA5,0.09391891891891892
OCA6,0.4337837837837838
OCH1,0.10878378378378378
ODC1,0.033445945945945944
ODC2,0.006587837837837838
OGG1,0.5484797297297297
OKP1,0.3572635135135135
OLA1,0.0
OLE1,0.0015202702702702704
OM14,0.31300675675675677
OM45,0.00033783783783783786
OMA1,0.7675675675675676
OMS1,0.053716216216216216
OPI1,0.05152027027027027
OPI10,0.042398648648648646
OPI3,0.012837837837837839
OPT1,0.7756756756756756
OPY1,0.06908783783783784
ORC1,0.10016891891891892
ORC2,0.5016891891891891
ORC3,0.41081081081081083
ORC4,0.14003378378378378
ORC5,0.13614864864864865
ORC6,0.27618243243243246
ORM1,0.6738175675675676
ORM2,0.2233108108108108
ORT1,0.03141891891891892
OSH2,0.008783783783783784
OSH3,0.007601351351351352
OSH6,0.009121621621621622
OSH7,0.002027027027027027
OSM1,0.009797297297297298
OST1,0.17195945945945945
OST2,0.03226351351351351
OST3,0.019256756756756758
OST5,0.05929054054054054
OST6,0.3722972972972973
OSW7,0.05945945945945946
OTU1,0.05760135135135135
OTU2,0.03564189189189189
OXA1,0.049493243243243244
OXP1,0.0038851351351351354
OXR1,0.036317567567567564
OYE2,0.0
OYE3,0.0679054054054054
PAA1,0.0013513513513513514
PAB1,0.0
PAC1,0.6331081081081081
PAC10,0.006418918918918919
PAC11,0.49898648648648647
PAD1,0.6241554054054054
PAF1,0.02195945945945946
PAH1,0.03226351351351351
PAI3,0.11756756756756757
PAL1,0.014864864864864866
PAM1,0.01587837837837838
PAM16,0.021283783783783785
PAM17,0.11300675675675675
PAM18,0.2684121621621622
PAN1,0.0016891891891891893
PAN2,0.024493243243243243
PAN3,0.019763513513513513
PAN5,0.002195945945945946
PAN6,0.03868243243243243
PAP1,0.009628378378378379
PAP2,0.03699324324324324
PAR32,0.014020270270270271
PAT1,0.0028716216216216218
PBA1,0.15405405405405406
PBI2,0.0
PBN1,0.0625
PBP1,0.0008445945945945946
PBP2,0.1606418918918919
PBP4,0.009121621621621622
PBS2,0.011993243243243244
PBY1,0.013006756756756757
PCC1,0.10016891891891892
PCD1,0.6059121621621621
PCF11,0.025
PCK1,0.1464527027027027
PCL6,0.10574324324324325
PCL8,0.5307432432432433
PCM1,0.0032094594594594596
PCP1,0.3476351351351351
PCS60,0.0010135135135135136
PCT1,0.03125
PDA1,0.0
PDB1,0.00016891891891891893
PDC1,0.0
PDC2,0.04695945945945946
PDC5,0.0005067567567567568
PDC6,0.007770270270270271
PDE1,0.0464527027027027
PDE2,0.05625
PDH1,0.012331081081081082
PDI1,0.0
PDR1,0.03868243243243243
PDR12,0.3258445945945946
PDR15,0.16554054054054054
PDR16,0.0010135135135135136
PDR17,0.018074324324324324
PDR5,0.021114864864864864
PDS5,0.03260135135135135
PDX1,0.013851351351351352
PDX3,0.002364864864864865
PEA2,0.05506756756756757
PEF1,0.2472972972972973
PEP1,0.002364864864864865
PEP12,0.09543918918918919
PEP3,0.026858108108108108
PEP4,0.0
PEP5,0.020945945945945947
PEP7,0.6673986486486486
PEP8,0.023310810810810812
PER33,0.3875
PET10,0.00016891891891891893
PET100,0.6099662162162162
PET112,0.16925675675675675
PET123,0.007432432432432433
PET127,0.24172297297297296
PET18,0.5309121621621622
PET191,0.19932432432432431
PET20,0.34442567567567567
PET309,0.41875
PET54,0.026013513513513515
PET8,0.011993243243243244
PET9,0.0
PEX1,0.055574324324324326
PEX11,0.004560810810810811
PEX12,0.7861486486486486
PEX13,0.47516891891891894
PEX14,0.0491554054054054
PEX17,0.6255067567567567
PEX19,0.014527027027027028
PEX2,0.3016891891891892
PEX25,0.1043918918918919
PEX29,0.225
PEX3,0.13885135135135135
PEX30,0.01587837837837838
PEX31,0.18513513513513513
PEX4,0.7418918918918919
PEX5,0.05388513513513513
PEX6,0.058445945945945946
PEX7,0.04172297297297297
PEX8,0.2849662162162162
PFD1,0.025675675675675677
PFF1,0.020945945945945947
PFK1,0.0
PFK2,0.0
PFK26,0.02027027027027027
PFS2,0.06148648648648649
PFY1,0.04273648648648649
PGA2,0.20625
PGA3,0.002027027027027027
PGC1,0.019763513513513513
PGD1,0.1766891891891892
PGI1,0.0
PGK1,0.0
PGM1,0.0038851351351351354
PGM2,0.0
PGS1,0.044256756756756756
PHA2,0.00945945945945946
PHB1,0.00016891891891891893
PHB2,0.0013513513513513514
PHD1,0.7148648648648649
PHM7,0.2454391891891892
PHO13,0.0006756756756756757
PHO2,0.02989864864864865
PHO23,0.518918918918919
PHO3,0.2456081081081081
PHO4,0.3657094594594595
PHO5,0.6576013513513513
PHO8,0.022804054054054054
PHO80,0.6378378378378379
PHO81,0.02787162162162162
PHO84,0.30202702702702705
PHO85,0.0035472972972972975
PHO86,0.00033783783783783786
PHO87,0.10118243243243243
PHO88,0.00016891891891891893
PHO90,0.14189189189189189
PHO91,0.04560810810810811
PHR1,0.49375
PHS1,0.1635135135135135
PIB1,0.5462837837837838
PIB2,0.03462837837837838
PIC2,0.0005067567567567568
PIF1,0.32972972972972975
PIG2,0.11925675675675676
PIH1,0.022466216216216216
PIK1,0.013682432432432433
PIL1,0.0
PIM1,0.004391891891891892
PIN2,0.22195945945945947
PIN3,0.022804054054054054
PIN4,0.04679054054054054
PIP2,0.4018581081081081
PIR1,0.36824324324324326
PIR3,0.5775337837837838
PIS1,0.0005067567567567568
PKC1,0.016385135135135134
PKH1,0.05760135135135135
PKH2,0.18361486486486486
PKH3,0.08800675675675676
PKP1,0.1525337837837838
PKP2,0.08344594594594594
PLB1,0.002702702702702703
PLB2,0.07094594594594594
PLB3,0.06148648648648649
PLP1,0.3625
PLP2,0.03868243243243243
PMA1,0.0
PMA2,0.3677364864864865
PMC1,0.0033783783783783786
PMD1,0.30793918918918917
PMI40,0.00016891891891891893
PML39,0.7347972972972973
PMR1,0.0018581081081081082
PMS1,0.7721283783783783
PMT1,0.002195945945945946
PMT2,0.0008445945945945946
PMT3,0.03445945945945946
PMT4,0.006418918918918919
PMT5,0.26942567567567566
PMT6,0.022466216216216216
PMT7,0.0875
PMU1,0.024493243243243243
PNC1,0.00016891891891891893
PNG1,0.17972972972972973
PNO1,0.009797297297297298
PNP1,0.002195945945945946
PNS1,0.2731418918918919
PNT1,0.3625
POA1,0.5327702702702702
POB3,0.0013513513513513514
POC4,0.5984797297297297
POF1,0.016216216216216217
POG1,0.28614864864864864
POL1,0.02010135135135135
POL12,0.021283783783783785
POL2,0.1339527027027027
POL3,0.02787162162162162
POL30,0.00016891891891891893
POL31,0.007770270270270271
POL32,0.42753378378378376
POL5,0.007601351351351352
POM152,0.011317567567567568
POM33,0.005574324324324325
POM34,0.016047297297297296
POP1,0.029054054054054056
POP2,0.01418918918918919
POP3,0.7660472972972973
POP4,0.2648648648648649
POP5,0.09155405405405405
POP6,0.06807432432432432
POP7,0.7967905405405405
POP8,0.3472972972972973
POR1,0.0
POR2,0.13108108108108107
POS5,0.009628378378378379
POT1,0.14577702702702702
POX1,0.06097972972972973
PPA2,0.055574324324324326
PPE1,0.3670608108108108
PPG1,0.3464527027027027
PPH21,0.04070945945945946
PPH22,0.006418918918918919
PPH3,0.18496621621621623
PPM1,0.04341216216216216
PPM2,0.047128378378378376
PPN1,0.0339527027027027
PPN2,0.5103040540540541
PPQ1,0.7015202702702703
PPS1,0.5822635135135135
PPT1,0.013513513513513514
PPX1,0.004222972972972973
PPZ1,0.06976351351351351
PRB1,0.0
PRC1,0.0011824324324324325
PRD1,0.002195945945945946
PRE1,0.002533783783783784
PRE10,0.0005067567567567568
PRE2,0.00016891891891891893
PRE3,0.00033783783783783786
PRE4,0.0006756756756756757
PRE5,0.00033783783783783786
PRE6,0.00016891891891891893
PRE7,0.0
PRE8,0.0018581081081081082
PRE9,0.0006756756756756757
PRI1,0.019932432432432434
PRI2,0.20439189189189189
PRK1,0.06841216216216216
PRM15,0.0011824324324324325
PRM4,0.2123310810810811
PRM9,0.7479729729729729
PRO1,0.0013513513513513514
PRO2,0.0006756756756756757
PRO3,0.00016891891891891893
PRP11,0.1581081081081081
PRP16,0.20777027027027026
PRP18,0.2123310810810811
PRP19,0.014864864864864866
PRP2,0.09847972972972972
PRP21,0.20236486486486485
PRP22,0.5081081081081081
PRP24,0.39087837837837835
PRP28,0.13733108108108108
PRP3,0.39054054054054055
PRP31,0.7047297297297297
PRP38,0.6565878378378378
PRP39,0.3552364864864865
PRP4,0.1679054054054054
PRP40,0.032432432432432434
PRP42,0.2731418918918919
PRP43,0.002027027027027027
PRP45,0.22347972972972974
PRP46,0.19138513513513514
PRP5,0.28361486486486487
PRP6,0.24070945945945946
PRP8,0.025506756756756756
PRP9,0.09307432432432433
PRR1,0.18631756756756757
PRS1,0.0005067567567567568
PRS2,0.006081081081081081
PRS3,0.00016891891891891893
PRS4,0.0057432432432432436
PRS5,0.0006756756756756757
PRT1,0.00016891891891891893
PRX1,0.0
PRY3,0.7890202702702702
PSA1,0.0
PSD1,0.002533783783783784
PSD2,0.2695945945945946
PSE1,0.0010135135135135136
PSF1,0.4462837837837838
PSG1,0.05810810810810811
PSK1,0.019594594594594596
PSK2,0.24932432432432433
PSP1,0.005405405405405406
PSP2,0.008108108108108109
PSR1,0.14577702702702702
PSR2,0.23412162162162162
PST1,0.013682432432432433
PST2,0.0
PSY2,0.06739864864864865
PSY4,0.31283783783783786
PTA1,0.017905405405405406
PTC1,0.02347972972972973
PTC2,0.00016891891891891893
PTC3,0.009628378378378379
PTC4,0.015033783783783785
PTC5,0.023986486486486488
PTC6,0.20371621621621622
PTC7,0.015033783783783785
PTH1,0.6035472972972973
PTH2,0.007263513513513514
PTI1,0.03125
PTK1,0.6760135135135135
PTK2,0.011993243243243244
PTM1,0.00945945945945946
PTP1,0.02516891891891892
PTP2,0.5140202702702703
PTP3,0.5342905405405406
PTR2,0.10422297297297298
PTR3,0.725
PUB1,0.00016891891891891893
PUF2,0.34070945945945946
PUF3,0.038175675675675674
PUF4,0.012837837837837839
PUF6,0.0018581081081081082
PUN1,0.3356418918918919
PUP1,0.0005067567567567568
PUP2,0.0
PUP3,0.005067567567567568
PUS1,0.036317567567567564
PUS2,0.7518581081081082
PUS4,0.023817567567567567
PUS6,0.4912162162162162
PUS7,0.006081081081081081
PUS9,0.18344594594594596
PUT1,0.23260135135135135
PUT2,0.0018581081081081082
PUT3,0.5268581081081081
PUT4,0.7469594594594594
PWP1,0.004222972972972973
PWP2,0.005067567567567568
PXA1,0.7077702702702703
PXA2,0.6903716216216216
PXL1,0.3152027027027027
PXP1,0.046621621621621624
PXP2,0.021283783783783785
PXR1,0.016891891891891893
PYC1,0.00016891891891891893
PYC2,0.00016891891891891893
PYK2,0.125
PYP1,0.008783783783783784
QCR10,0.6494932432432432
QCR2,0.0
QCR6,0.11824324324324324
QCR7,0.0006756756756756757
QCR8,0.0013513513513513514
QCR9,0.6869932432432433
QDR2,0.7690878378378379
QNS1,0.0013513513513513514
QRI1,0.005067567567567568
QRI7,0.37415540540540543
RAD1,0.17415540540540542
RAD10,0.45878378378378376
RAD14,0.5447635135135135
RAD16,0.3918918918918919
RAD18,0.21452702702702703
RAD2,0.46942567567567567
RAD23,0.0037162162162162164
RAD26,0.27804054054054056
RAD27,0.02027027027027027
RAD3,0.01841216216216216
RAD30,0.42010135135135135
RAD33,0.4804054054054054
RAD4,0.5373310810810811
RAD5,0.1527027027027027
RAD50,0.05827702702702703
RAD51,0.03125
RAD52,0.037162162162162164
RAD53,0.31672297297297297
RAD59,0.6158783783783783
RAD6,0.14087837837837838
RAD61,0.5413851351351351
RAD7,0.15658783783783783
RAF1,0.6525337837837838
RAI1,0.02989864864864865
RAM1,0.606418918918919
RAM2,0.03125
RAP1,0.005574324324324325
RAS1,0.03412162162162162
RAS2,0.00016891891891891893
RAT1,0.009121621621621622
RAV1,0.023986486486486488
RAV2,0.21266891891891893
RAX1,0.12094594594594595
RAX2,0.14121621621621622
RBA50,0.09847972972972972
RBD2,0.01587837837837838
RBG1,0.012162162162162163
RBG2,0.00625
RBK1,0.006081081081081081
RBL2,0.002702702702702703
RBS1,0.7864864864864864
RCF1,0.013006756756756757
RCF2,0.016216216216216217
RCK2,0.016385135135135134
RCL1,0.004222972972972973
RCM1,0.02668918918918919
RCN1,0.7875
RCN2,0.005574324324324325
RCO1,0.027364864864864866
RCR1,0.10202702702702703
RCR2,0.49003378378378376
RCY1,0.08192567567567567
RDH54,0.5668918918918919
RDI1,0.007601351351351352
RDL1,0.00016891891891891893
RDL2,0.002702702702702703
RDR1,0.7239864864864864
RDS2,0.15777027027027027
RDS3,0.46993243243243243
REB1,0.010304054054054055
REE1,0.7233108108108108
REF2,0.03429054054054054
REG1,0.02060810810810811
REH1,0.019425675675675675
REI1,0.03699324324324324
REP1,0.45152027027027025
REP2,0.4748310810810811
RER1,0.06486486486486487
RER2,0.046621621621621624
RET1,0.0038851351351351354
RET2,0.002027027027027027
RET3,0.0035472972972972975
REX2,0.01722972972972973
REX3,0.40320945945945946
REX4,0.03310810810810811
RFA1,0.0011824324324324325
RFA2,0.010304054054054055
RFA3,0.19273648648648647
RFC1,0.006081081081081081
RFC2,0.002027027027027027
RFC3,0.0037162162162162164
RFC4,0.004054054054054054
RFC5,0.007601351351351352
RFM1,0.3518581081081081
RFS1,0.0006756756756756757
RFT1,0.21114864864864866
RFX1,0.4506756756756757
RGA1,0.07601351351351351
RGA2,0.04155405405405405
RGC1,0.06317567567567567
RGD1,0.02314189189189189
RGD2,0.026858108108108108
RGI1,0.0033783783783783786
RGP1,0.0883445945945946
RGR1,0.027364864864864866
RGT1,0.24662162162162163
RHB1,0.19577702702702704
RHO1,0.00016891891891891893
RHO2,0.2891891891891892
RHO3,0.0008445945945945946
RHO4,0.24949324324324323
RHO5,0.014864864864864866
RIA1,0.007094594594594595
RIB1,0.05219594594594595
RIB2,0.05506756756756757
RIB3,0.0
RIB4,0.0028716216216216218
RIB5,0.03327702702702703
RIB7,0.7035472972972973
RIC1,0.07415540540540541
RIF1,0.11047297297297297
RIM1,0.00016891891891891893
RIM101,0.4599662162162162
RIM11,0.04375
RIM13,0.6648648648648648
RIM15,0.07668918918918918
RIM2,0.011655405405405406
RIM20,0.04983108108108108
RIM4,0.39864864864864863
RIM8,0.12212837837837838
RIO1,0.02956081081081081
RIO2,0.011317567567567568
RIP1,0.0006756756756756757
RIT1,0.33716216216216216
RIX1,0.01722972972972973
RIX7,0.03175675675675676
RKI1,0.0005067567567567568
RKM1,0.03141891891891892
RKM2,0.2738175675675676
RKM3,0.3216216216216216
RKM4,0.16013513513513514
RKR1,0.014358108108108109
RLF2,0.14966216216216216
RLI1,0.0
RLM1,0.4125
RLP24,0.011824324324324325
RLP7,0.0015202702702702704
RMD1,0.03361486486486486
RMD5,0.35743243243243245
RMD8,0.05777027027027027
RMD9,0.015540540540540541
RMI1,0.5768581081081081
RML2,0.01756756756756757
RMR1,0.32280405405405405
RMT2,0.034797297297297296
RNA1,0.0059121621621621625
RNA14,0.02364864864864865
RNA15,0.021114864864864864
RNH1,0.3109797297297297
RNH201,0.4613175675675676
RNH202,0.3787162162162162
RNH203,0.34864864864864864
RNH70,0.18125
RNQ1,0.002195945945945946
RNR1,0.002533783783783784
RNR2,0.0
RNR3,0.7363175675675676
RNR4,0.0
RNT1,0.02043918918918919
RNY1,0.00945945945945946
ROD1,0.1883445945945946
ROG1,0.7096283783783783
ROK1,0.021283783783783785
ROM2,0.05439189189189189
ROT2,0.02989864864864865
ROX1,0.08361486486486487
ROY1,0.02010135135135135
RPA12,0.02195945945945946
RPA135,0.002027027027027027
RPA14,0.0910472972972973
RPA190,0.00033783783783783786
RPA34,0.03006756756756757
RPA43,0.00472972972972973
RPA49,0.002702702702702703
RPB10,0.0015202702702702704
RPB11,0.031925675675675676
RPB2,0.0008445945945945946
RPB3,0.0018581081081081082
RPB4,0.006925675675675676
RPB5,0.005405405405405406
RPB7,0.010135135135135136
RPB8,0.029391891891891894
RPB9,0.011317567567567568
RPC10,0.010135135135135136
RPC11,0.05726351351351351
RPC17,0.0402027027027027
RPC19,0.002364864864864865
RPC25,0.03141891891891892
RPC31,0.10337837837837838
RPC34,0.06148648648648649
RPC37,0.021114864864864864
RPC40,0.0008445945945945946
RPC53,0.021283783783783785
RPC82,0.013851351351351352
RPD3,0.011317567567567568
RPE1,0.031925675675675676
RPF1,0.020945945945945947
RPF2,0.02702702702702703
RPG1,0.00016891891891891893
RPH1,0.15472972972972973
RPL10,0.0
RPL11A,0.2991554054054054
RPL11B,0.7008445945945946
RPL12A,0.0
RPL13A,0.04442567567567567
RPL13B,0.0
RPL14A,0.5790540540540541
RPL14B,0.018074324324324324
RPL15A,0.0
RPL15B,0.2097972972972973
RPL16A,0.0
RPL16B,0.0
RPL17A,0.0
RPL17B,0.0015202702702702704
RPL18A,0.0
RPL19A,0.0
RPL1A,0.0
RPL20A,0.0
RPL21A,0.0
RPL21B,0.02043918918918919
RPL22A,0.0016891891891891893
RPL23A,0.0
RPL24A,0.00016891891891891893
RPL24B,0.0
RPL25,0.0
RPL26A,0.5861486486486487
RPL26B,0.0
RPL27A,0.0
RPL28,0.00033783783783783786
RPL29,0.0402027027027027
RPL2A,0.0
RPL3,0.0
RPL30,0.0
RPL31A,0.06452702702702702
RPL31B,0.009966216216216217
RPL32,0.0
RPL33A,0.2775337837837838
RPL33B,0.00016891891891891893
RPL34B,0.0
RPL35A,0.00016891891891891893
RPL36A,0.5030405405405406
RPL36B,0.0
RPL37A,0.3158783783783784
RPL37B,0.5744932432432432
RPL38,0.0011824324324324325
RPL39,0.00016891891891891893
RPL42A,0.28091216216216214
RPL43A,0.0
RPL4A,0.0
RPL4B,0.7344594594594595
RPL5,0.0
RPL6A,0.00016891891891891893
RPL6B,0.0
RPL7B,0.0
RPL8A,0.00033783783783783786
RPL8B,0.0
RPL9A,0.0
RPL9B,0.25456081081081083
RPM2,0.02989864864864865
RPN1,0.00033783783783783786
RPN10,0.0011824324324324325
RPN11,0.0008445945945945946
RPN12,0.011317567567567568
RPN13,0.004898648648648649
RPN14,0.02989864864864865
RPN2,0.00016891891891891893
RPN3,0.002195945945945946
RPN5,0.0006756756756756757
RPN6,0.0005067567567567568
RPN7,0.0005067567567567568
RPN8,0.0015202702702702704
RPN9,0.0008445945945945946
RPO21,0.0011824324324324325
RPO26,0.13192567567567567
RPO31,0.013175675675675676
RPO41,0.04375
RPP0,0.0
RPP1,0.018074324324324324
RPP1A,0.0028716216216216218
RPP1B,0.00016891891891891893
RPP2A,0.0
RPP2B,0.0
RPS0A,0.4858108108108108
RPS0B,0.0
RPS10A,0.00033783783783783786
RPS11A,0.0
RPS12,0.00016891891891891893
RPS13,0.0
RPS14B,0.0
RPS15,0.0
RPS16A,0.0
RPS17A,0.0
RPS18A,0.0
RPS19A,0.0
RPS1A,0.00016891891891891893
RPS1B,0.0
RPS2,0.0
RPS20,0.0
RPS21A,0.07263513513513513
RPS21B,0.00016891891891891893
RPS22A,0.0
RPS23A,0.0008445945945945946
RPS24A,0.0008445945945945946
RPS25B,0.0
RPS26A,0.13817567567567568
RPS27A,0.02010135135135135
RPS28A,0.0
RPS29A,0.0918918918918919
RPS29B,0.01114864864864865
RPS3,0.0
RPS30A,0.022972972972972974
RPS31,0.0
RPS4A,0.0
RPS5,0.0
RPS6A,0.0
RPS7A,0.0
RPS7B,0.00016891891891891893
RPS8A,0.0
RPS9A,0.28412162162162163
RPS9B,0.0
RPT1,0.00033783783783783786
RPT2,0.00033783783783783786
RPT3,0.0
RPT4,0.0013513513513513514
RPT5,0.0006756756756756757
RPT6,0.0011824324324324325
RQC1,0.015540540540540541
RQC2,0.012162162162162163
RQT4,0.08885135135135135
RRB1,0.0037162162162162164
RRD1,0.27364864864864863
RRD2,0.05489864864864865
RRF1,0.017736486486486486
RRG8,0.7744932432432432
RRG9,0.6067567567567568
RRI2,0.6694256756756757
RRM3,0.48260135135135135
RRN6,0.7065878378378379
RRN9,0.3643581081081081
RRP1,0.016891891891891893
RRP12,0.002364864864864865
RRP14,0.036317567567567564
RRP15,0.028040540540540542
RRP17,0.16638513513513514
RRP3,0.002027027027027027
RRP36,0.23023648648648648
RRP4,0.002533783783783784
RRP40,0.0464527027027027
RRP42,0.09847972972972972
RRP43,0.005067567567567568
RRP45,0.011655405405405406
RRP46,0.007770270270270271
RRP5,0.00033783783783783786
RRP6,0.012331081081081082
RRP7,0.05287162162162162
RRP8,0.018243243243243244
RRP9,0.002364864864864865
RRS1,0.04222972972972973
RRT14,0.37027027027027026
RRT2,0.05692567567567568
RSA1,0.1268581081081081
RSA3,0.3385135135135135
RSA4,0.007432432432432433
RSC1,0.06587837837837837
RSC2,0.016722972972972972
RSC3,0.017905405405405406
RSC30,0.037668918918918916
RSC4,0.016722972972972972
RSC58,0.01722972972972973
RSC6,0.012162162162162163
RSC8,0.0032094594594594596
RSC9,0.017398648648648648
RSE1,0.02652027027027027
RSF2,0.42719594594594595
RSM10,0.010641891891891892
RSM18,0.045777027027027024
RSM19,0.008952702702702703
RSM22,0.032432432432432434
RSM23,0.0030405405405405407
RSM24,0.02652027027027027
RSM25,0.009628378378378379
RSM26,0.08547297297297297
RSM27,0.036317567567567564
RSM28,0.02027027027027027
RSM7,0.014020270270270271
RSN1,0.047128378378378376
RSP5,0.0006756756756756757
RSR1,0.0013513513513513514
RTC1,0.39611486486486486
RTC3,0.0
RTC4,0.6599662162162162
RTC5,0.05760135135135135
RTF1,0.019763513513513513
RTG1,0.3260135135135135
RTG2,0.002702702702702703
RTG3,0.049493243243243244
RTK1,0.02787162162162162
RTN1,0.0
RTN2,0.017736486486486486
RTP1,0.1839527027027027
RTR1,0.2543918918918919
RTS1,0.01722972972972973
RTS2,0.3783783783783784
RTS3,0.5798986486486486
RTT10,0.007601351351351352
RTT101,0.06841216216216216
RTT102,0.016047297297297296
RTT103,0.013175675675675676
RTT106,0.03006756756756757
RTT107,0.5817567567567568
RTT109,0.35236486486486485
RUB1,0.5376689189189189
RUD3,0.06756756756756757
RUP1,0.016722972972972972
RVB1,0.00033783783783783786
RVB2,0.0
RVS161,0.0032094594594594596
RVS167,0.00016891891891891893
RXT2,0.06807432432432432
RXT3,0.050844594594594596
SAC1,0.00016891891891891893
SAC3,0.1847972972972973
SAC6,0.00016891891891891893
SAC7,0.07787162162162162
SAD1,0.10320945945945946
SAF1,0.027533783783783784
SAH1,0.0
SAK1,0.21131756756756756
SAL1,0.049493243243243244
SAM1,0.0
SAM2,0.0
SAM3,0.04831081081081081
SAM35,0.0402027027027027
SAM37,0.046621621621621624
SAM4,0.01097972972972973
SAM50,0.017398648648648648
SAN1,0.031587837837837834
SAP1,0.06959459459459459
SAP155,0.012162162162162163
SAP185,0.14003378378378378
SAP190,0.017905405405405406
SAP30,0.06942567567567567
SAR1,0.0
SAS10,0.008277027027027027
SAS3,0.5652027027027027
SAS4,0.2719594594594595
SAS5,0.5456081081081081
SAT4,0.6913851351351351
SAY1,0.672972972972973
SBA1,0.00016891891891891893
SBE2,0.7190878378378378
SBE22,0.21114864864864866
SBH1,0.7719594594594594
SBH2,0.3930743243243243
SBP1,0.00016891891891891893
SCC2,0.29172297297297295
SCC4,0.08361486486486487
SCD5,0.0910472972972973
SCD6,0.002364864864864865
SCH9,0.0057432432432432436
SCJ1,0.005067567567567568
SCL1,0.0005067567567567568
SCM3,0.43327702702702703
SCM4,0.24054054054054055
SCO1,0.2682432432432432
SCO2,0.10945945945945947
SCP1,0.018243243243243244
SCP160,0.0
SCS2,0.00016891891891891893
SCS3,0.6336148648648648
SCS7,0.09577702702702702
SCT1,0.030236486486486486
SCW10,0.0
SCW11,0.17212837837837838
SCW4,0.00016891891891891893
SCY1,0.025506756756756756
SDA1,0.10219594594594594
SDC1,0.013851351351351352
SDH1,0.00016891891891891893
SDH2,0.0028716216216216218
SDH3,0.02010135135135135
SDH4,0.0033783783783783786
SDH5,0.5163851351351352
SDH6,0.24256756756756756
SDH7,0.09864864864864865
SDH8,0.014695945945945947
SDO1,0.028040540540540542
SDS22,0.0030405405405405407
SDS23,0.0030405405405405407
SDS24,0.0006756756756756757
SDS3,0.12246621621621621
SDT1,0.2964527027027027
SEA4,0.04087837837837838
SEC1,0.013006756756756757
SEC10,0.03125
SEC11,0.0028716216216216218
SEC12,0.01875
SEC13,0.0
SEC14,0.00016891891891891893
SEC15,0.021114864864864864
SEC16,0.004391891891891892
SEC17,0.0032094594594594596
SEC18,0.0005067567567567568
SEC2,0.04831081081081081
SEC20,0.2866554054054054
SEC21,0.00033783783783783786
SEC22,0.11385135135135135
SEC23,0.00016891891891891893
SEC24,0.0005067567567567568
SEC26,0.0
SEC27,0.00033783783783783786
SEC28,0.002195945945945946
SEC3,0.053716216216216216
SEC31,0.00033783783783783786
SEC39,0.06283783783783783
SEC4,0.00016891891891891893
SEC5,0.021621621621621623
SEC53,0.0
SEC59,0.6851351351351351
SEC6,0.03327702702702703
SEC61,0.0005067567567567568
SEC62,0.008952702702702703
SEC63,0.0010135135135135136
SEC65,0.04358108108108108
SEC66,0.01418918918918919
SEC7,0.007094594594594595
SEC72,0.0013513513513513514
SEC8,0.03327702702702703
SEC9,0.013175675675675676
SED1,0.4984797297297297
SED4,0.009966216216216217
SED5,0.02060810810810811
SEF1,0.22111486486486487
SEG1,0.014358108108108109
SEG2,0.0902027027027027
SEH1,0.007094594594594595
SEI1,0.41621621621621624
SEM1,0.6336148648648648
SEN1,0.05472972972972973
SEN15,0.5319256756756757
SEN2,0.37820945945945944
SEN34,0.7173986486486487
SEN54,0.42364864864864865
SER1,0.0
SER2,0.005405405405405406
SER3,0.0
SER33,0.00016891891891891893
SES1,0.00016891891891891893
SET1,0.4452702702702703
SET2,0.036655405405405406
SET3,0.0445945945945946
SET5,0.046621621621621624
SET6,0.40540540540540543
SEY1,0.006925675675675676
SFA1,0.0
SFB2,0.009121621621621622
SFB3,0.002027027027027027
SFC1,0.1043918918918919
SFH1,0.023986486486486488
SFH5,0.013175675675675676
SFI1,0.6256756756756757
SFK1,0.1322635135135135
SFL1,0.5256756756756756
SFM1,0.00793918918918919
SFP1,0.055236486486486484
SFT2,0.007263513513513514
SGD1,0.015540540540540541
SGF29,0.11351351351351352
SGF73,0.07381756756756756
SGM1,0.04527027027027027
SGN1,0.015202702702702704
SGT1,0.01114864864864865
SGT2,0.00016891891891891893
SGV1,0.018074324324324324
SHB17,0.0010135135135135136
SHE1,0.7780405405405405
SHE10,0.0006756756756756757
SHE2,0.03310810810810811
SHE3,0.0670608108108108
SHE4,0.019594594594594596
SHE9,0.14239864864864865
SHG1,0.29138513513513514
SHM1,0.0
SHM2,0.0
SHO1,0.05625
SHP1,0.0010135135135135136
SHQ1,0.012331081081081082
SHR3,0.585472972972973
SHS1,0.005067567567567568
SHY1,0.06283783783783783
SIA1,0.11081081081081082
SIC1,0.7861486486486486
SIF2,0.011993243243243244
SIL1,0.014695945945945947
SIM1,0.0005067567567567568
SIN3,0.00625
SIN4,0.03310810810810811
SIP1,0.47347972972972974
SIP18,0.37533783783783786
SIP2,0.08699324324324324
SIP3,0.07736486486486487
SIP4,0.7246621621621622
SIP5,0.031925675675675676
SIR2,0.05912162162162162
SIR3,0.06587837837837837
SIR4,0.1554054054054054
SIS1,0.0011824324324324325
SIS2,0.019594594594594596
SIT1,0.7802364864864865
SIT4,0.002533783783783784
SIW14,0.10202702702702703
SIZ1,0.5733108108108108
SKG1,0.28040540540540543
SKG3,0.03986486486486487
SKG6,0.28209459459459457
SKI2,0.013344594594594595
SKI3,0.012162162162162163
SKI6,0.006587837837837838
SKI7,0.21537162162162163
SKI8,0.03175675675675676
SKM1,0.5771959459459459
SKN1,0.483277027027027
SKN7,0.0929054054054054
SKO1,0.039527027027027026
SKP1,0.0005067567567567568
SKP2,0.07702702702702703
SKS1,0.4822635135135135
SKT5,0.03547297297297297
SKY1,0.019425675675675675
SLA1,0.0059121621621621625
SLA2,0.004391891891891892
SLC1,0.007432432432432433
SLD5,0.5396959459459459
SLF1,0.007432432432432433
SLG1,0.4616554054054054
SLH1,0.032432432432432434
SLK19,0.05827702702702703
SLM1,0.02010135135135135
SLM2,0.6146959459459459
SLM3,0.41469594594594594
SLM4,0.03614864864864865
SLM5,0.06097972972972973
SLN1,0.7920608108108108
SLO1,0.3601351351351351
SLP1,0.25625
SLS1,0.15152027027027026
SLT2,0.006587837837837838
SLU7,0.36908783783783783
SLX5,0.73125
SLX9,0.17702702702702702
SLY1,0.002364864864864865
SLY41,0.40625
SMB1,0.012331081081081082
SMC1,0.02179054054054054
SMC2,0.03902027027027027
SMC3,0.01841216216216216
SMC4,0.04037162162162162
SMC5,0.11300675675675675
SMC6,0.16452702702702704
SMD1,0.1837837837837838
SMD2,0.016047297297297296
SMD3,0.0028716216216216218
SMF1,0.40878378378378377
SMF2,0.5332770270270271
SMF3,0.055236486486486484
SMI1,0.020777027027027026
SML1,0.27483108108108106
SMM1,0.024662162162162164
SMT3,0.00016891891891891893
SMX2,0.20135135135135135
SMX3,0.43817567567567567
SMY1,0.018581081081081082
SMY2,0.023986486486486488
SNA2,0.2839527027027027
SNA4,0.7265202702702702
SNC1,0.0030405405405405407
SNC2,0.0033783783783783786
SND1,0.683445945945946
SNF1,0.0010135135135135136
SNF11,0.589695945945946
SNF12,0.026858108108108108
SNF2,0.022635135135135136
SNF4,0.0005067567567567568
SNF5,0.04527027027027027
SNF6,0.030574324324324324
SNF7,0.0038851351351351354
SNF8,0.5162162162162162
SNG1,0.4390202702702703
SNL1,0.6204391891891892
SNM1,0.7537162162162162
SNO1,0.6084459459459459
SNO4,0.3081081081081081
SNP1,0.34628378378378377
SNQ2,0.0464527027027027
SNT1,0.05675675675675676
SNT2,0.7836148648648649
SNU114,0.010135135135135136
SNU13,0.0008445945945945946
SNU23,0.2429054054054054
SNU56,0.12652027027027027
SNU66,0.17415540540540542
SNU71,0.041047297297297294
SNX3,0.02533783783783784
SNX4,0.017736486486486486
SNX41,0.35033783783783784
SNZ1,0.02179054054054054
SNZ3,0.19273648648648647
SOD1,0.0
SOD2,0.00016891891891891893
SOF1,0.004391891891891892
SOG2,0.3837837837837838
SOK1,0.017905405405405406
SOK2,0.019087837837837837
SOL1,0.01266891891891892
SOL2,0.010304054054054055
SOL3,0.00016891891891891893
SOL4,0.14797297297297296
SOP4,0.07145270270270271
SOV1,0.23445945945945945
SPA2,0.008277027027027027
SPB1,0.07128378378378378
SPB4,0.028040540540540542
SPC1,0.023817567567567567
SPC105,0.6336148648648648
SPC110,0.03277027027027027
SPC19,0.09341216216216217
SPC2,0.03699324324324324
SPC24,0.16114864864864864
SPC25,0.10523648648648648
SPC29,0.33733108108108106
SPC3,0.010304054054054055
SPC34,0.48243243243243245
SPC42,0.03733108108108108
SPC72,0.19037162162162163
SPC97,0.1295608108108108
SPC98,0.12516891891891893
SPE1,0.5116554054054054
SPE2,0.016216216216216217
SPE3,0.0
SPE4,0.013851351351351352
SPF1,0.00016891891891891893
SPG1,0.7077702702702703
SPG4,0.40658783783783786
SPN1,0.005236486486486487
SPO14,0.08108108108108109
SPO7,0.4472972972972973
SPP1,0.5179054054054054
SPP382,0.26216216216216215
SPP41,0.027364864864864866
SPS100,0.6641891891891892
SPS19,0.0625
SPT10,0.7407094594594594
SPT14,0.07381756756756756
SPT15,0.0945945945945946
SPT16,0.00033783783783783786
SPT2,0.06148648648648649
SPT20,0.032432432432432434
SPT23,0.05101351351351351
SPT3,0.05152027027027027
SPT4,0.01266891891891892
SPT5,0.0013513513513513514
SPT6,0.0011824324324324325
SPT7,0.10219594594594594
SPT8,0.02010135135135135
SQS1,0.05287162162162162
SQT1,0.10844594594594595
SRB2,0.013344594594594595
SRB4,0.06554054054054054
SRB5,0.24138513513513513
SRB6,0.040033783783783784
SRB7,0.11858108108108108
SRB8,0.5503378378378379
SRC1,0.03902027027027027
SRL2,0.4197635135135135
SRM1,0.009121621621621622
SRN2,0.19814189189189188
SRO7,0.021114864864864864
SRO9,0.0018581081081081082
SRP1,0.0010135135135135136
SRP101,0.0038851351351351354
SRP102,0.010641891891891892
SRP14,0.004560810810810811
SRP21,0.046114864864864866
SRP40,0.006925675675675676
SRP54,0.0030405405405405407
SRP68,0.0038851351351351354
SRP72,0.0032094594594594596
SRV2,0.0028716216216216218
SRX1,0.2304054054054054
SRY1,0.6456081081081081
SSA1,0.0
SSA2,0.0
SSA3,0.09577702702702702
SSA4,0.0
SSB1,0.0
SSB2,0.002195945945945946
SSC1,0.0
SSD1,0.00016891891891891893
SSE1,0.0
SSE2,0.00016891891891891893
SSF1,0.05033783783783784
SSF2,0.6204391891891892
SSH1,0.0038851351351351354
SSH4,0.6756756756756757
SSK1,0.44949324324324325
SSK2,0.06570945945945945
SSL1,0.23614864864864865
SSL2,0.02314189189189189
SSM4,0.024155405405405405
SSN2,0.13445945945945945
SSN3,0.24442567567567566
SSO1,0.016047297297297296
SSO2,0.012162162162162163
SSP120,0.0008445945945945946
SSQ1,0.0030405405405405407
SSS1,0.00793918918918919
SSU72,0.07398648648648648
SSY5,0.17567567567567569
SSZ1,0.0
STB1,0.6538851351351351
STB3,0.025506756756756756
STB4,0.31739864864864864
STB5,0.7261824324324324
STE11,0.14256756756756755
STE12,0.22094594594594594
STE13,0.31114864864864866
STE20,0.016216216216216217
STE23,0.010304054054054055
STE24,0.0015202702702702704
STE50,0.0339527027027027
STF2,0.007094594594594595
STH1,0.008952702702702703
STI1,0.00016891891891891893
STL1,0.7344594594594595
STM1,0.00016891891891891893
STO1,0.007263513513513514
STP1,0.7839527027027027
STP22,0.06300675675675675
STP3,0.22550675675675674
STR2,0.08699324324324324
STR3,0.24425675675675676
STT3,0.00016891891891891893
STT4,0.021283783783783785
STU1,0.1516891891891892
STU2,0.022804054054054054
STV1,0.005236486486486487
SUA5,0.09256756756756757
SUA7,0.00625
SUB1,0.0037162162162162164
SUB2,0.0
SUC2,0.01841216216216216
SUI1,0.004560810810810811
SUI2,0.00016891891891891893
SUI3,0.002195945945945946
SUM1,0.02195945945945946
SUN4,0.6248310810810811
SUP35,0.00016891891891891893
SUP45,0.00016891891891891893
SUR1,0.10016891891891892
SUR2,0.20675675675675675
SUR7,0.0008445945945945946
SUS1,0.1260135135135135
SUV3,0.34324324324324323
SVF1,0.005405405405405406
SVL3,0.013851351351351352
SVP26,0.11216216216216217
SWA2,0.1856418918918919
SWC3,0.6190878378378378
SWC4,0.27297297297297296
SWC5,0.4214527027027027
SWD1,0.19239864864864864
SWD2,0.032432432432432434
SWD3,0.46368243243243246
SWH1,0.01706081081081081
SWI1,0.03969594594594594
SWI3,0.017736486486486486
SWI4,0.08800675675675676
SWI6,0.02483108108108108
SWM1,0.7839527027027027
SWP1,0.0016891891891891893
SWP82,0.09054054054054055
SWR1,0.06233108108108108
SWS2,0.04391891891891892
SWT1,0.572972972972973
SXM1,0.004222972972972973
SYC1,0.6244932432432433
SYF1,0.1964527027027027
SYF2,0.22618243243243244
SYG1,0.08125
SYH1,0.012837837837837839
SYM1,0.7150337837837838
SYN8,0.2719594594594595
SYO1,0.02027027027027027
SYP1,0.0006756756756756757
SYT1,0.6363175675675675
TAD1,0.3268581081081081
TAD2,0.6706081081081081
TAD3,0.31739864864864864
TAE1,0.06418918918918919
TAF1,0.04594594594594595
TAF10,0.06097972972972973
TAF11,0.20371621621621622
TAF12,0.009966216216216217
TAF14,0.01418918918918919
TAF2,0.026013513513513515
TAF3,0.03513513513513514
TAF4,0.018581081081081082
TAF5,0.015033783783783785
TAF6,0.008445945945945946
TAF7,0.14949324324324326
TAF8,0.17077702702702702
TAF9,0.020945945945945947
TAH1,0.20810810810810812
TAH11,0.04256756756756757
TAH18,0.03226351351351351
TAL1,0.0
TAM41,0.3106418918918919
TAN1,0.02060810810810811
TAO3,0.04408783783783784
TAP42,0.05760135135135135
TAT1,0.5643581081081082
TAZ1,0.08952702702702703
TBF1,0.007094594594594595
TCB1,0.0015202702702702704
TCB2,0.014695945945945947
TCB3,0.00033783783783783786
TCD1,0.016722972972972972
TCD2,0.005574324324324325
TCM62,0.0670608108108108
TCO89,0.043243243243243246
TCP1,0.00033783783783783786
TDA1,0.11047297297297297
TDA10,0.008277027027027027
TDA11,0.09763513513513514
TDA2,0.2741554054054054
TDA3,0.004054054054054054
TDA7,0.7863175675675675
TDA9,0.15574324324324323
TDH1,0.0
TDH2,0.0
TDH3,0.0
TDP1,0.7701013513513514
TED1,0.0339527027027027
TEF1,0.0
TEF4,0.0
TEL2,0.33378378378378376
TES1,0.03141891891891892
TEX1,0.03445945945945946
TFA1,0.05912162162162162
TFA2,0.026013513513513515
TFB1,0.04206081081081081
TFB2,0.025844594594594594
TFB3,0.06418918918918919
TFB4,0.3410472972972973
TFB5,0.2454391891891892
TFC1,0.08125
TFC3,0.09628378378378379
TFC4,0.025
TFC6,0.3233108108108108
TFC7,0.014695945945945947
TFC8,0.668918918918919
TFG1,0.002364864864864865
TFG2,0.02516891891891892
TFS1,0.0013513513513513514
TGL1,0.010472972972972974
TGL2,0.35760135135135135
TGL3,0.026858108108108108
TGL4,0.04206081081081081
TGL5,0.0839527027027027
TGS1,0.3714527027027027
THG1,0.4660472972972973
THI12,0.5706081081081081
THI20,0.00472972972972973
THI21,0.5461148648648648
THI3,0.2900337837837838
THI4,0.4875
THI5,0.7344594594594595
THI6,0.008614864864864865
THI7,0.23597972972972972
THI80,0.03445945945945946
THO1,0.0005067567567567568
THO2,0.018581081081081082
THP1,0.7847972972972973
THP2,0.062162162162162166
THP3,0.027364864864864866
THR1,0.0006756756756756757
THR4,0.00016891891891891893
THS1,0.0
TIF1,0.0
TIF11,0.0018581081081081082
TIF3,0.0008445945945945946
TIF34,0.00016891891891891893
TIF35,0.00016891891891891893
TIF4631,0.00016891891891891893
TIF4632,0.004054054054054054
TIF5,0.00016891891891891893
TIF6,0.00033783783783783786
TIM10,0.002364864864864865
TIM11,0.008614864864864865
TIM12,0.06858108108108107
TIM13,0.011824324324324325
TIM17,0.7346283783783784
TIM18,0.38716216216216215
TIM21,0.05405405405405406
TIM22,0.028885135135135135
TIM23,0.012331081081081082
TIM44,0.0010135135135135136
TIM50,0.0006756756756756757
TIM54,0.01722972972972973
TIM8,0.008614864864864865
TIM9,0.00033783783783783786
TIP20,0.04831081081081081
TIP41,0.013513513513513514
TKL1,0.0
TKL2,0.024324324324324326
TLG1,0.4847972972972973
TLG2,0.016554054054054055
TMA10,0.3233108108108108
TMA108,0.009628378378378379
TMA16,0.02364864864864865
TMA17,0.00033783783783783786
TMA19,0.0
TMA20,0.009121621621621622
TMA22,0.009628378378378379
TMA23,0.02195945945945946
TMA46,0.007432432432432433
TMA64,0.03935810810810811
TMA7,0.010641891891891892
TMC1,0.7322635135135135
TMN2,0.047635135135135134
TMN3,0.6315878378378378
TMT1,0.03310810810810811
TNA1,0.21807432432432433
TOA1,0.03564189189189189
TOA2,0.007601351351351352
TOD6,0.3528716216216216
TOF1,0.20219594594594595
TOF2,0.2993243243243243
TOH1,0.0005067567567567568
TOM1,0.02195945945945946
TOM20,0.0018581081081081082
TOM22,0.1125
TOM40,0.00016891891891891893
TOM5,0.5890202702702703
TOM6,0.2570945945945946
TOM7,0.45878378378378376
TOM70,0.0030405405405405407
TOM71,0.06858108108108107
TOP1,0.03209459459459459
TOP2,0.014527027027027028
TOP3,0.7037162162162162
TOR1,0.033445945945945944
TOR2,0.05810810810810811
TOS1,0.0006756756756756757
TPA1,0.005405405405405406
TPC1,0.3552364864864865
TPD3,0.002195945945945946
TPI1,0.0
TPK1,0.0472972972972973
TPK2,0.014527027027027028
TPK3,0.027533783783783784
TPM1,0.0010135135135135136
TPM2,0.006418918918918919
TPO1,0.23902027027027026
TPO2,0.13260135135135134
TPO3,0.025
TPO4,0.0983108108108108
TPO5,0.2429054054054054
TPS1,0.00016891891891891893
TPS2,0.00033783783783783786
TPS3,0.0008445945945945946
TPT1,0.029391891891891894
TRA1,0.00793918918918919
TRE1,0.6842905405405405
TRE2,0.6403716216216216
TRF5,0.5160472972972973
TRI1,0.08141891891891892
TRL1,0.018074324324324324
TRM1,0.007432432432432433
TRM10,0.03260135135135135
TRM11,0.13074324324324324
TRM112,0.26722972972972975
TRM12,0.23125
TRM13,0.1266891891891892
TRM2,0.011655405405405406
TRM3,0.01722972972972973
TRM44,0.012162162162162163
TRM5,0.025675675675675677
TRM7,0.24949324324324323
TRM732,0.03462837837837838
TRM8,0.0032094594594594596
TRM82,0.02060810810810811
TRM9,0.031925675675675676
TRP1,0.5282094594594594
TRP2,0.00033783783783783786
TRP3,0.0011824324324324325
TRP4,0.025
TRP5,0.0
TRR1,0.0
TRR2,0.11908783783783784
TRS120,0.022635135135135136
TRS130,0.075
TRS20,0.3679054054054054
TRS23,0.04307432432432432
TRS31,0.008952702702702703
TRS33,0.03648648648648649
TRS65,0.5038851351351351
TRS85,0.05810810810810811
TRX1,0.00016891891891891893
TRX2,0.0
TRX3,0.00472972972972973
TRZ1,0.03462837837837838
TSA1,0.0
TSA2,0.019594594594594596
TSC10,0.12466216216216217
TSC11,0.24662162162162163
TSC13,0.10810810810810811
TSC3,0.3052364864864865
TSL1,0.0
TSR1,0.007770270270270271
TSR2,0.011993243243243244
TSR3,0.2623310810810811
TSR4,0.02314189189189189
TTI1,0.5177364864864865
TTI2,0.6035472972972973
TUB1,0.0015202702702702704
TUB2,0.0
TUB3,0.014020270270270271
TUB4,0.04510135135135135
TUF1,0.00016891891891891893
TUL1,0.7510135135135135
TUM1,0.0008445945945945946
TUP1,0.00016891891891891893
TVP18,0.02043918918918919
TVP23,0.016385135135135134
TVP38,0.15743243243243243
TWF1,0.002027027027027027
TY1A-DR2,0.5292229729729729
TY1A-MR1,0.7538851351351351
TY1B-LR3,0.6430743243243243
TY1B-OL,0.5320945945945946
TY2A-DR3,0.37533783783783786
TY2A-GR1,0.6287162162162162
TY2A-LR1,0.7780405405405405
TY2B-C,0.36858108108108106
TY2B-DR2,0.7190878378378378
TYR1,0.011655405405405406
TYS1,0.0006756756756756757
TYW1,0.013006756756756757
TYW3,0.02702702702702703
UBA1,0.0
UBA2,0.016047297297297296
UBA3,0.5920608108108109
UBA4,0.0038851351351351354
UBC1,0.0010135135135135136
UBC12,0.17347972972972972
UBC13,0.00472972972972973
UBC4,0.026182432432432432
UBC6,0.1358108108108108
UBC7,0.00945945945945946
UBC8,0.05912162162162162
UBC9,0.07956081081081082
UBP1,0.009966216216216217
UBP10,0.029391891891891894
UBP12,0.03310810810810811
UBP13,0.060810810810810814
UBP14,0.02060810810810811
UBP15,0.00793918918918919
UBP16,0.529054054054054
UBP2,0.00625
UBP3,0.00945945945945946
UBP5,0.2733108108108108
UBP6,0.0008445945945945946
UBP7,0.04341216216216216
UBP8,0.2751689189189189
UBP9,0.5236486486486487
UBR1,0.015033783783783785
UBR2,0.28209459459459457
UBX2,0.05067567567567568
UBX3,0.15016891891891893
UBX4,0.034797297297297296
UBX5,0.025844594594594594
UBX6,0.4452702702702703
UBX7,0.026351351351351353
UFD1,0.0010135135135135136
UFD2,0.021621621621621623
UFD4,0.017905405405405406
UFE1,0.0679054054054054
UFO1,0.024662162162162164
UGA1,0.00033783783783783786
UGA2,0.012331081081081082
UGA3,0.3734797297297297
UGO1,0.018074324324324324
UGP1,0.00016891891891891893
UIP3,0.637668918918919
UIP4,0.11334459459459459
ULP1,0.16402027027027027
ULS1,0.17432432432432432
UME1,0.008108108108108109
UME6,0.06672297297297297
UMP1,0.04695945945945946
UNG1,0.36452702702702705
UPF3,0.14881756756756756
UPS2,0.577027027027027
UPS3,0.5778716216216216
URA1,0.0005067567567567568
URA10,0.004898648648648649
URA2,0.00016891891891891893
URA3,0.00016891891891891893
URA4,0.01266891891891892
URA5,0.0
URA6,0.009797297297297298
URA7,0.00016891891891891893
URA8,0.005574324324324325
URB1,0.009121621621621622
URB2,0.01266891891891892
URE2,0.0030405405405405407
URH1,0.21824324324324323
URK1,0.15506756756756757
URM1,0.5192567567567568
URN1,0.18327702702702703
USA1,0.13175675675675674
USB1,0.44172297297297297
USE1,0.0670608108108108
USO1,0.02195945945945946
USV1,0.6341216216216217
UTH1,0.0038851351351351354
UTP10,0.0013513513513513514
UTP11,0.015033783783783785
UTP13,0.008277027027027027
UTP14,0.018243243243243244
UTP15,0.004391891891891892
UTP18,0.032432432432432434
UTP20,0.009797297297297298
UTP21,0.0032094594594594596
UTP22,0.005067567567567568
UTP23,0.05067567567567568
UTP25,0.007601351351351352
UTP30,0.024493243243243243
UTP4,0.006081081081081081
UTP5,0.010810810810810811
UTP6,0.004222972972972973
UTP7,0.002364864864864865
UTP8,0.0059121621621621625
UTP9,0.006418918918918919
UTR1,0.030912162162162162
UTR2,0.08597972972972973
UTR4,0.04966216216216216
VAB2,0.7564189189189189
VAC14,0.006756756756756757
VAC7,0.5206081081081081
VAC8,0.0013513513513513514
VAM3,0.11351351351351352
VAM6,0.09746621621621622
VAM7,0.037668918918918916
VAN1,0.009628378378378379
VAR1,0.02516891891891892
VAS1,0.00033783783783783786
VBA1,0.6630067567567568
VBA4,0.3844594594594595
VCX1,0.1293918918918919
VFA1,0.46013513513513515
VHC1,0.1285472972972973
VHR1,0.23513513513513515
VHR2,0.7048986486486486
VHS2,0.02195945945945946
VHS3,0.026013513513513515
VHT1,0.23631756756756755
VID22,0.03783783783783784
VID27,0.009121621621621622
VID28,0.04442567567567567
VID30,0.0125
VIP1,0.008614864864864865
VIR1,0.5518581081081081
VMA1,0.0
VMA10,0.0028716216216216218
VMA11,0.6827702702702703
VMA13,0.00016891891891891893
VMA16,0.16554054054054054
VMA2,0.00016891891891891893
VMA22,0.016722972972972972
VMA4,0.00016891891891891893
VMA5,0.0010135135135135136
VMA6,0.00016891891891891893
VMA7,0.002533783783783784
VMA8,0.0032094594594594596
VMA9,0.06638513513513514
VMS1,0.02668918918918919
VNX1,0.036317567567567564
VOA1,0.2679054054054054
VPH1,0.0005067567567567568
VPH2,0.16368243243243244
VPS1,0.0
VPS13,0.009121621621621622
VPS15,0.06148648648648649
VPS16,0.030912162162162162
VPS17,0.01722972972972973
VPS20,0.5739864864864865
VPS21,0.00016891891891891893
VPS24,0.07027027027027027
VPS25,0.3619932432432432
VPS27,0.019256756756756758
VPS28,0.16689189189189188
VPS29,0.010641891891891892
VPS3,0.11807432432432433
VPS30,0.11418918918918919
VPS33,0.04307432432432432
VPS34,0.345777027027027
VPS35,0.04341216216216216
VPS36,0.2222972972972973
VPS38,0.17905405405405406
VPS4,0.018074324324324324
VPS41,0.2
VPS45,0.02364864864864865
VPS5,0.028547297297297297
VPS51,0.09206081081081081
VPS52,0.10219594594594594
VPS53,0.042905405405405404
VPS54,0.06199324324324324
VPS60,0.010641891891891892
VPS62,0.45472972972972975
VPS64,0.08429054054054054
VPS68,0.5180743243243243
VPS70,0.3619932432432432
VPS71,0.35945945945945945
VPS72,0.4172297297297297
VPS74,0.0006756756756756757
VPS75,0.02668918918918919
VPS8,0.061317567567567566
VPS9,0.04087837837837838
VRG4,0.5866554054054054
VRP1,0.018581081081081082
VSB1,0.06064189189189189
VTA1,0.057432432432432436
VTC1,0.015202702702702704
VTC2,0.009121621621621622
VTC3,0.008108108108108109
VTC4,0.0011824324324324325
VTC5,0.04442567567567567
VTH2,0.5494932432432432
VTI1,0.015540540540540541
VTS1,0.20135135135135135
WAR1,0.3410472972972973
WBP1,0.00033783783783783786
WHI2,0.013175675675675676
WHI3,0.006925675675675676
WHI4,0.051858108108108106
WRS1,0.002533783783783784
WSC2,0.7886824324324324
WTM1,0.0
WTM2,0.05219594594594595
WWM1,0.004560810810810811
XBP1,0.7155405405405405
XDJ1,0.17077702702702702
XKS1,0.022635135135135136
XPT1,0.0008445945945945946
XRN1,0.002702702702702703
XYL2,0.7462837837837838
YAE1,0.28783783783783784
YAF9,0.11638513513513514
YAH1,0.3439189189189189
YAK1,0.01722972972972973
YAP1,0.030743243243243245
YAP1801,0.05033783783783784
YAP1802,0.029391891891891894
YAP3,0.5011824324324324
YAP6,0.7694256756756757
YAR1,0.029391891891891894
YAT1,0.16013513513513514
YAT2,0.13885135135135135
YBL028C,0.5030405405405406
YBL029C-A,0.4798986486486487
YBL036C,0.0006756756756756757
YBL055C,0.013851351351351352
YBL059W,0.1258445945945946
YBL081W,0.38496621621621624
YBL086C,0.15844594594594594
YBP1,0.02347972972972973
YBP2,0.009966216216216217
YBR053C,0.015033783783783785
YBR056W,0.0015202702702702704
YBR062C,0.20912162162162162
YBR071W,0.3163851351351351
YBR085C-A,0.01706081081081081
YBR096W,0.17871621621621622
YBR126W-A,0.4464527027027027
YBR137W,0.03918918918918919
YBR220C,0.7589527027027027
YBR225W,0.031081081081081083
YBR238C,0.4043918918918919
YBR241C,0.25050675675675677
YBR242W,0.05878378378378379
YBR255C-A,0.2873310810810811
YBR287W,0.0008445945945945946
YBT1,0.0010135135135135136
YCF1,0.007094594594594595
YCG1,0.11537162162162162
YCH1,0.011993243243243244
YCK1,0.02027027027027027
YCK2,0.0005067567567567568
YCK3,0.04037162162162162
YCL012C,0.2123310810810811
YCL042W,0.6711148648648648
YCP4,0.00016891891891891893
YCR016W,0.030405405405405407
YCR023C,0.702027027027027
YCR043C,0.010135135135135136
YCR051W,0.002195945945945946
YCR061W,0.775
YCR087C-A,0.06368243243243243
YCR090C,0.05675675675675676
YCS4,0.16469594594594594
YDC1,0.26199324324324325
YDJ1,0.0
YDL012C,0.24746621621621623
YDL057W,0.3891891891891892
YDL073W,0.6391891891891892
YDL085C-A,0.633277027027027
YDL086W,0.002195945945945946
YDL124W,0.0
YDL144C,0.004054054054054054
YDL157C,0.6319256756756757
YDL177C,0.5505067567567568
YDL180W,0.5307432432432433
YDL183C,0.550168918918919
YDL199C,0.2641891891891892
YDL218W,0.683445945945946
YDR061W,0.019932432432432434
YDR109C,0.032432432432432434
YDR115W,0.2959459459459459
YDR131C,0.40692567567567567
YDR169C-A,0.6841216216216216
YDR222W,0.6657094594594595
YDR239C,0.1339527027027027
YDR248C,0.0037162162162162164
YDR262W,0.2751689189189189
YDR286C,0.7199324324324324
YDR306C,0.2849662162162162
YDR338C,0.5846283783783783
YDR341C,0.00016891891891891893
YDR381C-A,0.17601351351351352
YDR391C,0.17043918918918918
YDR415C,0.1831081081081081
YDR444W,0.19138513513513514
YDR461C-A,0.6918918918918919
YDR476C,0.007770270270270271
YDR514C,0.038513513513513516
YDR541C,0.6140202702702703
YEA6,0.23969594594594595
YEF1,0.5614864864864865
YEF3,0.0
YEH1,0.5070945945945946
YEH2,0.0945945945945946
YEL043W,0.05641891891891892
YEL073C,0.4506756756756757
YER010C,0.3525337837837838
YER034W,0.1758445945945946
YER079W,0.04881756756756757
YER121W,0.7535472972972973
YER134C,0.017398648648648648
YER137C,0.71875
YER152C,0.02787162162162162
YER156C,0.0006756756756756757
YET1,0.005236486486486487
YET3,0.004222972972972973
YFH1,0.009966216216216217
YFH7,0.03902027027027027
YFR006W,0.017736486486486486
YFR016C,0.013513513513513514
YFR018C,0.16199324324324324
YFR045W,0.20354729729729729
YGK1,0.023310810810810812
YGL039W,0.24493243243243243
YGL081W,0.785304054054054
YGL082W,0.01706081081081081
YGL108C,0.046114864864864866
YGL114W,0.7153716216216216
YGL117W,0.6233108108108109
YGL140C,0.20692567567567569
YGL159W,0.06351351351351352
YGL185C,0.04983108108108108
YGL242C,0.0057432432432432436
YGP1,0.0
YGR017W,0.026182432432432432
YGR021W,0.03564189189189189
YGR026W,0.07381756756756756
YGR042W,0.7824324324324324
YGR054W,0.0006756756756756757
YGR111W,0.016047297297297296
YGR117C,0.010472972972972974
YGR122W,0.13091216216216217
YGR126W,0.06942567567567567
YGR127W,0.04594594594594595
YGR130C,0.0016891891891891893
YGR201C,0.05625
YGR210C,0.04493243243243243
YGR237C,0.10084459459459459
YGR250C,0.00793918918918919
YGR266W,0.0339527027027027
YGR283C,0.0464527027027027
YHB1,0.0015202702702702704
YHC1,0.2650337837837838
YHI9,0.2079391891891892
YHL008C,0.6023648648648648
YHM2,0.0035472972972972975
YHR020W,0.0008445945945945946
YHR033W,0.2989864864864865
YHR045W,0.023817567567567567
YHR078W,0.40743243243243243
YHR097C,0.0972972972972973
YHR112C,0.00625
YHR122W,0.07364864864864865
YHR127W,0.02702702702702703
YHR138C,0.00016891891891891893
YHR182W,0.33800675675675673
YHR202W,0.08986486486486486
YIF1,0.05506756756756757
YIH1,0.34780405405405407
YIL001W,0.6285472972972973
YIL002W-A,0.06503378378378379
YIL055C,0.7273648648648648
YIL077C,0.2170608108108108
YIL108W,0.0018581081081081082
YIL161W,0.3398648648648649
YIL165C,0.6983108108108108
YIM1,0.18986486486486487
YIP1,0.0059121621621621625
YIP3,0.0008445945945945946
YIP4,0.6817567567567567
YIP5,0.019087837837837837
YIR035C,0.002027027027027027
YIR042C,0.6530405405405405
YJL016W,0.09222972972972973
YJL045W,0.7858108108108108
YJL049W,0.046114864864864866
YJL055W,0.002702702702702703
YJL068C,0.01114864864864865
YJL070C,0.2429054054054054
YJL107C,0.5913851351351351
YJL132W,0.48091216216216215
YJL133C-A,0.048986486486486486
YJL213W,0.6111486486486486
YJR011C,0.5851351351351352
YJR015W,0.7091216216216216
YJR039W,0.37027027027027026
YJR061W,0.41114864864864864
YJR096W,0.0006756756756756757
YJR098C,0.3608108108108108
YJR107C-A,0.7765202702702703
YJR124C,0.7109797297297298
YJR142W,0.02483108108108108
YJR149W,0.44966216216216215
YJR154W,0.314527027027027
YJU2,0.2702702702702703
YJU3,0.025
YKE2,0.0059121621621621625
YKL023W,0.7557432432432433
YKL033W-A,0.0038851351351351354
YKL063C,0.059966216216216214
YKL065W-A,0.6491554054054054
YKL069W,0.030574324324324324
YKL075C,0.1143581081081081
YKL091C,0.006418918918918919
YKL100C,0.008952702702702703
YKL107W,0.3603040540540541
YKL133C,0.45287162162162165
YKL162C,0.3
YKL187C,0.7716216216216216
YKR015C,0.3829391891891892
YKR018C,0.0005067567567567568
YKR070W,0.026351351351351353
YKR078W,0.24932432432432433
YKT6,0.00033783783783783786
YKU70,0.6636824324324324
YKU80,0.6204391891891892
YLF2,0.19273648648648647
YLH47,0.026182432432432432
YLL032C,0.09966216216216216
YLL054C,0.7744932432432432
YLL056C,0.3290540540540541
YLR001C,0.31722972972972974
YLR108C,0.3597972972972973
YLR118C,0.03918918918918919
YLR126C,0.04054054054054054
YLR149C,0.23108108108108108
YLR152C,0.7673986486486486
YLR173W,0.5277027027027027
YLR177W,0.07567567567567568
YLR179C,0.01114864864864865
YLR225C,0.00625
YLR257W,0.0016891891891891893
YLR271W,0.7016891891891892
YLR278C,0.13344594594594594
YLR281C,0.7040540540540541
YLR287C,0.03868243243243243
YLR307C-A,0.6793918918918919
YLR326W,0.0731418918918919
YLR345W,0.01587837837837838
YLR352W,0.042905405405405404
YLR361C-A,0.1349662162162162
YLR407W,0.23597972972972972
YLR413W,0.4375
YLR419W,0.00945945945945946
YLR460C,0.7126689189189189
YMC1,0.013006756756756757
YMC2,0.03986486486486487
YMD8,0.7087837837837838
YME1,0.002364864864864865
YME2,0.005574324324324325
YML002W,0.5304054054054054
YML018C,0.1839527027027027
YML020W,0.6491554054054054
YML079W,0.12195945945945946
YML082W,0.030912162162162162
YML096W,0.09932432432432432
YML108W,0.1258445945945946
YML119W,0.7364864864864865
YML131W,0.00033783783783783786
YML6,0.010135135135135136
YMR027W,0.00033783783783783786
YMR074C,0.0059121621621621625
YMR087W,0.1260135135135135
YMR090W,0.00033783783783783786
YMR099C,0.00016891891891891893
YMR1,0.34273648648648647
YMR102C,0.04037162162162162
YMR106W-A,0.4574324324324324
YMR114C,0.1783783783783784
YMR122W-A,0.5398648648648648
YMR124W,0.11148648648648649
YMR130W,0.03277027027027027
YMR160W,0.16722972972972974
YMR178W,0.053716216216216216
YMR187C,0.6959459459459459
YMR196W,0.0013513513513513514
YMR206W,0.5815878378378379
YMR209C,0.15236486486486486
YMR226C,0.0
YMR253C,0.2611486486486487
YMR262W,0.36469594594594595
YMR265C,0.3268581081081081
YMR295C,0.32246621621621624
YMR31,0.0010135135135135136
YMR310C,0.01722972972972973
YMR315W,0.00016891891891891893
YND1,0.11334459459459459
YNK1,0.0
YNL011C,0.14273648648648649
YNL035C,0.020945945945945947
YNL040W,0.06486486486486487
YNL050C,0.1837837837837838
YNL095C,0.7724662162162163
YNL108C,0.016216216216216217
YNL115C,0.005405405405405406
YNL134C,0.0
YNL144C,0.745945945945946
YNL165W,0.5869932432432432
YNL181W,0.014695945945945947
YNL193W,0.18125
YNL194C,0.5564189189189189
YNL195C,0.5606418918918918
YNL208W,0.0
YNL234W,0.4555743243243243
YNL247W,0.00033783783783783786
YNL320W,0.3913851351351351
YNR021W,0.0038851351351351354
YNR034W-A,0.0
YNR040W,0.023310810810810812
YNR048W,0.18158783783783783
YNR065C,0.4
YNR066C,0.3831081081081081
YNR071C,0.7847972972972973
YOL019W,0.14391891891891892
YOL057W,0.015033783783783785
YOL098C,0.010641891891891892
YOL107W,0.26942567567567566
YOL153C,0.5633445945945946
YOL159C-A,0.47111486486486487
YOP1,0.0
YOR012W,0.785472972972973
YOR020W-A,0.09679054054054054
YOR022C,0.15641891891891893
YOR093C,0.1070945945945946
YOR1,0.0464527027027027
YOR111W,0.06638513513513514
YOR131C,0.075
YOR238W,0.05929054054054054
YOR283W,0.014695945945945947
YOR289W,0.00625
YOR296W,0.6158783783783783
YOR338W,0.6298986486486486
YOR352W,0.07415540540540541
YOR385W,0.3481418918918919
YOR389W,0.06064189189189189
YOS1,0.29695945945945945
YOS9,0.2829391891891892
YPD1,0.011486486486486487
YPI1,0.021114864864864864
YPK1,0.0011824324324324325
YPK2,0.0625
YPK3,0.1972972972972973
YPK9,0.04273648648648649
YPL014W,0.5376689189189189
YPL067C,0.14324324324324325
YPL108W,0.6086148648648648
YPL109C,0.32989864864864865
YPL150W,0.5273648648648649
YPL191C,0.5033783783783784
YPL199C,0.009797297297297298
YPL225W,0.00016891891891891893
YPL229W,0.6934121621621622
YPL245W,0.004560810810810811
YPL247C,0.01097972972972973
YPL264C,0.7302364864864865
YPL277C,0.6293918918918919
YPP1,0.02027027027027027
YPQ1,0.03226351351351351
YPR010C-A,0.0005067567567567568
YPR011C,0.14577702702702702
YPR022C,0.06638513513513514
YPR063C,0.0883445945945946
YPR084W,0.7690878378378379
YPR089W,0.027702702702702704
YPR097W,0.021452702702702702
YPR098C,0.24797297297297297
YPR1,0.0006756756756756757
YPR114W,0.03125
YPR127W,0.00016891891891891893
YPR147C,0.3765202702702703
YPR148C,0.014020270270270271
YPR172W,0.06486486486486487
YPR174C,0.0625
YPS1,0.24442567567567566
YPS3,0.3295608108108108
YPS7,0.14611486486486486
YPT1,0.0
YPT10,0.12246621621621621
YPT11,0.2662162162162162
YPT31,0.00016891891891891893
YPT32,0.00472972972972973
YPT52,0.0013513513513513514
YPT53,0.3915540540540541
YPT6,0.0013513513513513514
YPT7,0.00016891891891891893
YRA1,0.0
YRA2,0.0018581081081081082
YRB1,0.015540540540540541
YRB2,0.013175675675675676
YRB30,0.02652027027027027
YRF1-3,0.7400337837837838
YRM1,0.6986486486486486
YRO2,0.0035472972972972975
YRR1,0.7305743243243243
YSA1,0.0010135135135135136
YSC83,0.039527027027027026
YSC84,0.0016891891891891893
YSF3,0.19155405405405404
YSH1,0.028547297297297297
YSP2,0.1489864864864865
YSP3,0.2170608108108108
YTA12,0.0037162162162162164
YTA6,0.06858108108108107
YTA7,0.030405405405405407
YTH1,0.40591216216216214
YTM1,0.002702702702702703
YTP1,0.7978040540540541
YUH1,0.027195945945945946
YUR1,0.10371621621621621
YVC1,0.5918918918918918
YVH1,0.01756756756756757
ZDS1,0.03412162162162162
ZDS2,0.2944256756756757
ZEO1,0.00016891891891891893
ZIM17,0.4302364864864865
ZNG1,0.016722972972972972
ZPR1,0.00016891891891891893
ZPS1,0.03260135135135135
ZRC1,0.011993243243243244
ZRG17,0.5743243243243243
ZRT1,0.007432432432432433
ZRT3,0.21756756756756757
ZTA1,0.008108108108108109
ZUO1,0.00016891891891891893
ZWF1,0.0
